Scenario Name,Heap Size,Concurrent Users,Message Size (Bytes),Back-end Service Delay (ms),Label,# Samples,Error Count,Error %,Throughput (Requests/sec),Average Response Time (ms),Average Users in the System,Standard Deviation of Response Time (ms),Minimum Response Time (ms),Maximum Response Time (ms),75th Percentile of Response Time (ms),90th Percentile of Response Time (ms),95th Percentile of Response Time (ms),98th Percentile of Response Time (ms),99th Percentile of Response Time (ms),99.9th Percentile of Response Time (ms),Received (KB/sec),Sent (KB/sec),Ballerina GC Throughput (%),Ballerina Memory Footprint (M),Average Ballerina Memory Footprint After Full GC (M),Standard Deviation of Ballerina Memory Footprint After Full GC (M),Netty Service GC Throughput (%),Netty Service Memory Footprint (M),Average Netty Service Memory Footprint After Full GC (M),Standard Deviation of Netty Service Memory Footprint After Full GC (M),JMeter Client GC Throughput (%),JMeter Client Memory Footprint (M),Average JMeter Client Memory Footprint After Full GC (M),Standard Deviation of JMeter Client Memory Footprint After Full GC (M),JMeter Server 1 GC Throughput (%),JMeter Server 1 Memory Footprint (M),Average JMeter Server 1 Memory Footprint After Full GC (M),Standard Deviation of JMeter Server 1 Memory Footprint After Full GC (M),JMeter Server 2 GC Throughput (%),JMeter Server 2 Memory Footprint (M),Average JMeter Server 2 Memory Footprint After Full GC (M),Standard Deviation of JMeter Server 2 Memory Footprint After Full GC (M),Ballerina - Run queue length,Ballerina - Number of tasks,Ballerina - System Load Average - Last 1 minute,Ballerina - System Load Average - Last 5 minutes,Ballerina - System Load Average - Last 15 minutes,Ballerina - Blocked,Ballerina - CPU - User (%),Ballerina - CPU - Nice (%),Ballerina - CPU - System (%),Ballerina - CPU - I/O Wait (%),Ballerina - CPU - Steal (%),Ballerina - CPU - Idle (%),Ballerina - Memory - Free (kB),Ballerina - Memory - Available (kB),Ballerina - Memory - Used (kB),Ballerina - Memory - Used (%),Ballerina - Memory - Buffers (kB),Ballerina - Memory - Cached (kB),Ballerina - Memory - Commit (kB),Ballerina - Memory - Commit (%),Ballerina - Memory - Active (kB),Ballerina - Memory - Inactive (kB),Ballerina - Memory - Dirty (kB),Ballerina - Block Device - TPS (transfers/s),Ballerina - Block Device - Read TPS (kB/s),Ballerina - Block Device - Write TPS (kB/s),Ballerina - Block Device - Discard TPS (kB/s),Ballerina - Block Device - Average Request Size (kB),Ballerina - Block Device - Average Queue Length,Ballerina - Block Device - Average Time (ms),Ballerina - Block Device - Utilization (%),Ballerina - IO - TPS (transfers/s),Ballerina - IO - Read TPS (requests/s,Ballerina - IO - Write TPS (requests/s),Ballerina - IO - Discard TPS (requests/s),Ballerina - IO - Data reads per seconds (blocks/s),Ballerina - IO - Data writes per seconds (blocks/s),Ballerina - IO - Data discarded per seconds (blocks/s),Ballerina - Tasks created per second,Ballerina - Context switches per second,Ballerina - Unused directory cache entries,Ballerina - Number of file handles,Ballerina - Number of inode handlers,Ballerina - Number of pseudo-terminals,Ballerina - Network - Received packets/s,Ballerina - Network - Transmitted packets/s,Ballerina - Network - Received kB/s,Ballerina - Network - Transmitted kB/s,Ballerina - Network - Received compressed packets/s,Ballerina - Network - Transmitted compressed packets/s,Ballerina - Network - Received multicast packets/s,Ballerina - Network - Utilization (%),Ballerina - Task clock,Ballerina - Context switches,Ballerina - CPU Migrations,Ballerina - Page faults,Netty Service - Run queue length,Netty Service - Number of tasks,Netty Service - System Load Average - Last 1 minute,Netty Service - System Load Average - Last 5 minutes,Netty Service - System Load Average - Last 15 minutes,Netty Service - Blocked,Netty Service - CPU - User (%),Netty Service - CPU - Nice (%),Netty Service - CPU - System (%),Netty Service - CPU - I/O Wait (%),Netty Service - CPU - Steal (%),Netty Service - CPU - Idle (%),Netty Service - Memory - Free (kB),Netty Service - Memory - Available (kB),Netty Service - Memory - Used (kB),Netty Service - Memory - Used (%),Netty Service - Memory - Buffers (kB),Netty Service - Memory - Cached (kB),Netty Service - Memory - Commit (kB),Netty Service - Memory - Commit (%),Netty Service - Memory - Active (kB),Netty Service - Memory - Inactive (kB),Netty Service - Memory - Dirty (kB),Netty Service - Block Device - TPS (transfers/s),Netty Service - Block Device - Read TPS (kB/s),Netty Service - Block Device - Write TPS (kB/s),Netty Service - Block Device - Discard TPS (kB/s),Netty Service - Block Device - Average Request Size (kB),Netty Service - Block Device - Average Queue Length,Netty Service - Block Device - Average Time (ms),Netty Service - Block Device - Utilization (%),Netty Service - IO - TPS (transfers/s),Netty Service - IO - Read TPS (requests/s,Netty Service - IO - Write TPS (requests/s),Netty Service - IO - Discard TPS (requests/s),Netty Service - IO - Data reads per seconds (blocks/s),Netty Service - IO - Data writes per seconds (blocks/s),Netty Service - IO - Data discarded per seconds (blocks/s),Netty Service - Tasks created per second,Netty Service - Context switches per second,Netty Service - Unused directory cache entries,Netty Service - Number of file handles,Netty Service - Number of inode handlers,Netty Service - Number of pseudo-terminals,Netty Service - Network - Received packets/s,Netty Service - Network - Transmitted packets/s,Netty Service - Network - Received kB/s,Netty Service - Network - Transmitted kB/s,Netty Service - Network - Received compressed packets/s,Netty Service - Network - Transmitted compressed packets/s,Netty Service - Network - Received multicast packets/s,Netty Service - Network - Utilization (%),Netty Service - Task clock,Netty Service - Context switches,Netty Service - CPU Migrations,Netty Service - Page faults,JMeter Client - Run queue length,JMeter Client - Number of tasks,JMeter Client - System Load Average - Last 1 minute,JMeter Client - System Load Average - Last 5 minutes,JMeter Client - System Load Average - Last 15 minutes,JMeter Client - Blocked,JMeter Client - CPU - User (%),JMeter Client - CPU - Nice (%),JMeter Client - CPU - System (%),JMeter Client - CPU - I/O Wait (%),JMeter Client - CPU - Steal (%),JMeter Client - CPU - Idle (%),JMeter Client - Memory - Free (kB),JMeter Client - Memory - Available (kB),JMeter Client - Memory - Used (kB),JMeter Client - Memory - Used (%),JMeter Client - Memory - Buffers (kB),JMeter Client - Memory - Cached (kB),JMeter Client - Memory - Commit (kB),JMeter Client - Memory - Commit (%),JMeter Client - Memory - Active (kB),JMeter Client - Memory - Inactive (kB),JMeter Client - Memory - Dirty (kB),JMeter Client - Block Device - TPS (transfers/s),JMeter Client - Block Device - Read TPS (kB/s),JMeter Client - Block Device - Write TPS (kB/s),JMeter Client - Block Device - Discard TPS (kB/s),JMeter Client - Block Device - Average Request Size (kB),JMeter Client - Block Device - Average Queue Length,JMeter Client - Block Device - Average Time (ms),JMeter Client - Block Device - Utilization (%),JMeter Client - IO - TPS (transfers/s),JMeter Client - IO - Read TPS (requests/s,JMeter Client - IO - Write TPS (requests/s),JMeter Client - IO - Discard TPS (requests/s),JMeter Client - IO - Data reads per seconds (blocks/s),JMeter Client - IO - Data writes per seconds (blocks/s),JMeter Client - IO - Data discarded per seconds (blocks/s),JMeter Client - Tasks created per second,JMeter Client - Context switches per second,JMeter Client - Unused directory cache entries,JMeter Client - Number of file handles,JMeter Client - Number of inode handlers,JMeter Client - Number of pseudo-terminals,JMeter Client - Network - Received packets/s,JMeter Client - Network - Transmitted packets/s,JMeter Client - Network - Received kB/s,JMeter Client - Network - Transmitted kB/s,JMeter Client - Network - Received compressed packets/s,JMeter Client - Network - Transmitted compressed packets/s,JMeter Client - Network - Received multicast packets/s,JMeter Client - Network - Utilization (%),JMeter Server 1 - Run queue length,JMeter Server 1 - Number of tasks,JMeter Server 1 - System Load Average - Last 1 minute,JMeter Server 1 - System Load Average - Last 5 minutes,JMeter Server 1 - System Load Average - Last 15 minutes,JMeter Server 1 - Blocked,JMeter Server 1 - CPU - User (%),JMeter Server 1 - CPU - Nice (%),JMeter Server 1 - CPU - System (%),JMeter Server 1 - CPU - I/O Wait (%),JMeter Server 1 - CPU - Steal (%),JMeter Server 1 - CPU - Idle (%),JMeter Server 1 - Memory - Free (kB),JMeter Server 1 - Memory - Available (kB),JMeter Server 1 - Memory - Used (kB),JMeter Server 1 - Memory - Used (%),JMeter Server 1 - Memory - Buffers (kB),JMeter Server 1 - Memory - Cached (kB),JMeter Server 1 - Memory - Commit (kB),JMeter Server 1 - Memory - Commit (%),JMeter Server 1 - Memory - Active (kB),JMeter Server 1 - Memory - Inactive (kB),JMeter Server 1 - Memory - Dirty (kB),JMeter Server 1 - Block Device - TPS (transfers/s),JMeter Server 1 - Block Device - Read TPS (kB/s),JMeter Server 1 - Block Device - Write TPS (kB/s),JMeter Server 1 - Block Device - Discard TPS (kB/s),JMeter Server 1 - Block Device - Average Request Size (kB),JMeter Server 1 - Block Device - Average Queue Length,JMeter Server 1 - Block Device - Average Time (ms),JMeter Server 1 - Block Device - Utilization (%),JMeter Server 1 - IO - TPS (transfers/s),JMeter Server 1 - IO - Read TPS (requests/s,JMeter Server 1 - IO - Write TPS (requests/s),JMeter Server 1 - IO - Discard TPS (requests/s),JMeter Server 1 - IO - Data reads per seconds (blocks/s),JMeter Server 1 - IO - Data writes per seconds (blocks/s),JMeter Server 1 - IO - Data discarded per seconds (blocks/s),JMeter Server 1 - Tasks created per second,JMeter Server 1 - Context switches per second,JMeter Server 1 - Unused directory cache entries,JMeter Server 1 - Number of file handles,JMeter Server 1 - Number of inode handlers,JMeter Server 1 - Number of pseudo-terminals,JMeter Server 1 - Network - Received packets/s,JMeter Server 1 - Network - Transmitted packets/s,JMeter Server 1 - Network - Received kB/s,JMeter Server 1 - Network - Transmitted kB/s,JMeter Server 1 - Network - Received compressed packets/s,JMeter Server 1 - Network - Transmitted compressed packets/s,JMeter Server 1 - Network - Received multicast packets/s,JMeter Server 1 - Network - Utilization (%),JMeter Server 2 - Run queue length,JMeter Server 2 - Number of tasks,JMeter Server 2 - System Load Average - Last 1 minute,JMeter Server 2 - System Load Average - Last 5 minutes,JMeter Server 2 - System Load Average - Last 15 minutes,JMeter Server 2 - Blocked,JMeter Server 2 - CPU - User (%),JMeter Server 2 - CPU - Nice (%),JMeter Server 2 - CPU - System (%),JMeter Server 2 - CPU - I/O Wait (%),JMeter Server 2 - CPU - Steal (%),JMeter Server 2 - CPU - Idle (%),JMeter Server 2 - Memory - Free (kB),JMeter Server 2 - Memory - Available (kB),JMeter Server 2 - Memory - Used (kB),JMeter Server 2 - Memory - Used (%),JMeter Server 2 - Memory - Buffers (kB),JMeter Server 2 - Memory - Cached (kB),JMeter Server 2 - Memory - Commit (kB),JMeter Server 2 - Memory - Commit (%),JMeter Server 2 - Memory - Active (kB),JMeter Server 2 - Memory - Inactive (kB),JMeter Server 2 - Memory - Dirty (kB),JMeter Server 2 - Block Device - TPS (transfers/s),JMeter Server 2 - Block Device - Read TPS (kB/s),JMeter Server 2 - Block Device - Write TPS (kB/s),JMeter Server 2 - Block Device - Discard TPS (kB/s),JMeter Server 2 - Block Device - Average Request Size (kB),JMeter Server 2 - Block Device - Average Queue Length,JMeter Server 2 - Block Device - Average Time (ms),JMeter Server 2 - Block Device - Utilization (%),JMeter Server 2 - IO - TPS (transfers/s),JMeter Server 2 - IO - Read TPS (requests/s,JMeter Server 2 - IO - Write TPS (requests/s),JMeter Server 2 - IO - Discard TPS (requests/s),JMeter Server 2 - IO - Data reads per seconds (blocks/s),JMeter Server 2 - IO - Data writes per seconds (blocks/s),JMeter Server 2 - IO - Data discarded per seconds (blocks/s),JMeter Server 2 - Tasks created per second,JMeter Server 2 - Context switches per second,JMeter Server 2 - Unused directory cache entries,JMeter Server 2 - Number of file handles,JMeter Server 2 - Number of inode handlers,JMeter Server 2 - Number of pseudo-terminals,JMeter Server 2 - Network - Received packets/s,JMeter Server 2 - Network - Transmitted packets/s,JMeter Server 2 - Network - Received kB/s,JMeter Server 2 - Network - Transmitted kB/s,JMeter Server 2 - Network - Received compressed packets/s,JMeter Server 2 - Network - Transmitted compressed packets/s,JMeter Server 2 - Network - Received multicast packets/s,JMeter Server 2 - Network - Utilization (%)
Passthrough HTTP service (h1c -> h1c),2G,100,50,0,HTTP Request,12509495,2,0,20847.91,4.75,99,13.39,0,30029,6,8,10,11,13,18,3949.71,4743.71,99.52,2046,,,99.99,4092,,,99.95,2048,,,99.07,4096,10.373,2066.873,99.07,4096,16,6082.533,5.44,177.62,6.46,5.08,2.86,0,66.25,0,21.53,0,0.01,12.21,4916438.5,6487663,976513.75,12.53,76144.75,1655600.75,2901667.25,37.24,1441725,1213713.5,47.25,1.16,0.16,7.49,0,6.59,0,0.82,0.06,1.16,0.04,1.12,0,0.32,14.98,0,0.09,17212.71,65785.75,1342,52849.19,0,38459.75,39629.16,9565.06,10371.54,0,0,0,0,N/A,N/A,N/A,N/A,0.6,168,0.42,0.34,0.21,0.07,6.31,0,5.67,0,0.01,88,4425016.53,5957074.13,1511434.13,19.39,73273.87,1621352.53,5054778.4,64.86,2143195.73,1009046.67,46.4,1.01,0.17,6.19,0,6.21,0,1,0.05,1.01,0.04,0.97,0,0.34,12.38,0,0.09,20857.59,61141.07,1156.27,51306.4,0,21568.67,20271.9,5804.7,4177.02,0,0,0,0,,,,,0.47,163.33,0.24,0.34,0.26,0.07,10.73,0,1.14,0.27,0.01,87.86,123355.47,1977197.33,1507196.27,39.82,77518.4,1919947.2,2769900.27,73.17,2135030.4,1328062.13,28911.73,14,7.83,3062.28,0,206.93,0.02,3.15,0.81,14,0.24,13.76,0,15.67,6124.55,0,0.23,2399.67,42816.87,1205.33,41163.8,0,2573.13,1503.46,18901.84,101.91,0,0,0,0,3.27,228.53,1.74,1.29,0.72,0,19.22,0,8.92,0,0,71.85,2902365.87,4584189.87,2879934.93,36.96,74924.53,1765310.67,5022391.2,64.45,3534466.4,1124128.8,57.33,1.22,0.17,8.19,0,6.77,0,0.9,0.06,1.22,0.04,1.18,0,0.34,16.39,0,0.14,18480.76,63776.4,1160.53,53860.47,0,11074.41,11657.48,2672,12637.82,0,0,0,0,3.27,226.67,1.22,0.91,0.54,0,19.45,0,8.78,0,0.01,71.76,2904509.87,4586034.4,2876060.53,36.91,74821.87,1765174.93,5013190.93,64.33,3530450.67,1123232.27,59.73,1.19,0.17,7.83,0,6.62,0,0.77,0.05,1.19,0.04,1.15,0,0.34,15.66,0,0.15,18316.82,63810.6,1186.13,53890.73,0,10710.2,11259.81,2578.22,12185.49,0,0,0,0
Passthrough HTTP service (h1c -> h1c),2G,100,1024,0,HTTP Request,11510394,0,0,19181.98,5.17,99,3.17,0,214,7,9,10,12,14,20,21916.91,22647.47,99.55,2046,,,99.99,4092,,,99.95,2048,,,99.11,4096,12.1,434.871,99.13,4096,13.95,3113.391,6.38,178.75,6.53,6.36,5.15,0,64.14,0,23.57,0,0.01,12.29,4934626,6507247,955889.25,12.27,76357,1656577,2890800,37.1,1424777.25,1211278.25,56.5,1.3,0.39,8.44,0,6.59,0,0.76,0.06,1.3,0.02,1.29,0,0.78,16.88,0,1.25,15642.63,66106.44,1370,52949.56,0,52933.91,52936.99,43548.7,44221.31,0,0,0,0,N/A,N/A,N/A,N/A,0.62,167.88,0.44,0.44,0.35,0.12,5.62,0,4.81,0,0.01,89.55,4483713.5,6016704.5,1451082.75,18.62,73477.75,1621993.75,5046408,64.76,2091492.5,1001559,61.25,1.1,0.01,6.62,0,6.05,0,0.94,0.04,1.1,0,1.09,0,0.02,13.25,0,0.47,15537.54,61463.81,1122,51416.56,0,17675.65,17662.21,21818.65,20472.5,0,0,0,0,,,,,0.13,160.13,0.25,0.25,0.25,0.2,9.33,0,0.96,0.11,0.01,89.59,805338.67,2066138.67,1428061.07,37.73,71685.6,1342374.4,2768847.2,73.15,1859858.93,940576.8,25855.2,7.3,6.16,1455.41,0,201.44,0.01,2.9,0.36,7.3,0.27,7.03,0,12.32,2910.82,0,0.27,2621.5,15520.2,1205.33,24544.8,0,2281.79,1371.98,16617.96,92.99,0,0,0,0,1.53,228.27,1.28,1.35,1.19,0.13,18.07,0,9.49,0,0.01,72.44,3055501.6,4739305.07,2724225.6,34.96,75126.13,1766942.13,5024104,64.47,3378480.8,1124351.47,59.73,1.37,0.01,8.87,0,6.48,0,0.8,0.05,1.37,0,1.37,0,0.03,17.75,0,0.56,16126.36,64041.87,1173.33,53970.93,0,18585.57,19049.86,11429.79,20105.99,0,0,0,0,2.12,222.19,1.47,1.44,1.1,0.12,17.77,0,9.5,0,0.01,72.72,3219187.75,4902667,2558872.75,32.84,75018.5,1766808.75,4717616.5,60.54,3214519,1123435.75,145.5,1.35,0.01,8.93,0,6.67,0,0.81,0.06,1.35,0,1.35,0,0.02,17.86,0,0.54,16265.36,64067.56,1154,53985.19,0,18193.39,18646.68,11173.19,19653.19,0,0,0,0
Passthrough HTTP service (h1c -> h1c),2G,300,50,0,HTTP Request,12327406,0,0,20544.34,14.55,298,6.72,0,225,18,23,26,29,32,79,3892.19,4674.64,98.99,2044,,,99.99,4091.5,,,99.95,2048,,,99.07,4096,10008,2934.493,99.07,4096,13.3,2172.232,4.44,178.38,5.45,5.53,5.51,0,62.34,0,20.91,0,0.01,16.74,4906943,6480270.5,981340,12.59,76527.75,1656847.75,2892334,37.12,1450565.5,1210937.25,100,1.32,0,8.71,0,6.7,0,0.74,0.05,1.32,0,1.32,0,0.01,17.42,0,0.07,7863.02,66263.25,1720,53322.12,0,38158.01,42048.83,9473.11,10447.52,0,0,0,0,N/A,N/A,N/A,N/A,0.67,167.47,0.46,0.39,0.36,0.07,6.16,0,5.96,0,0.01,87.87,4443561.87,5977264.53,1489531.47,19.12,73638.4,1622392.8,5042897.33,64.71,2144677.87,987381.33,73.87,0.94,0,5.82,0,6.16,0,0.95,0.04,0.94,0,0.94,0,0.01,11.63,0,0.07,14937.05,61625.53,1324.8,51612.93,0,23537.74,19605.75,5786.33,4039.62,0,0,0,0,,,,,0.67,160.6,0.22,0.22,0.22,0.07,10.69,0,1.11,0.12,0.01,88.08,717840.8,2002580.53,1493162.93,39.45,68919.47,1370670.93,2773168,73.26,1835288.53,1055644.27,26482.67,7.72,3.03,1563.49,0,198.78,0.01,2.89,0.39,7.72,0.22,7.49,0,6.06,3126.98,0,0.14,2706.56,11551.67,1203.2,22504.33,0,2510.02,1495.25,18356.96,101.26,0,0,0,0,5.07,328.07,2.04,1.81,1.49,0,20.65,0,9.22,0,0,70.12,2925599.47,4610645.87,2851939.73,36.6,75257.87,1767974.13,5122584,65.73,3503430.93,1124673.87,130.13,1.16,0,7.74,0,6.78,0,0.9,0.06,1.16,0,1.16,0,0.01,15.48,0,0.4,17147.57,64155.27,1277.87,54073.93,0,10849.62,11323.49,2592.44,12259.87,0,0,0,0,2.8,326.73,2.05,1.91,1.59,0.07,21.09,0,9.06,0,0.01,69.84,2917532.27,4602296.27,2857893.33,36.67,75179.2,1767840,5118703.2,65.68,3509816.53,1123756.53,80.27,1.42,0,9.43,0,6.71,0,0.79,0.05,1.42,0,1.42,0,0.01,18.92,0,0.39,16685.49,64183.73,1269.33,54098,0,10495.99,10954.04,2502.92,11829.68,0,0,0,0
Passthrough HTTP service (h1c -> h1c),2G,300,1024,0,HTTP Request,11561272,0,0,19267.6,15.51,298,6.98,0,228,19,24,27,31,34,78,22014.74,22748.56,99.05,2044,,,99.99,4091.5,,,99.95,2048,,,99.12,4096,10.538,1827.164,99.12,4096,11.8,0,5.31,178.38,5.5,5.31,5.32,0,61.62,0,23.51,0,0.01,14.86,4915594,6489600.75,971418.5,12.47,76706,1657269.5,2889288,37.08,1440657.25,1211216,68.25,1.26,0,8.15,0,6.65,0,0.83,0.05,1.26,0,1.26,0,0,16.3,0,0.07,7727.75,66413.44,1706,53328.94,0,53469.26,53492.42,43967.82,44647.59,0,0,0,0,N/A,N/A,N/A,N/A,0.67,167.27,0.47,0.47,0.44,0,5.83,0,5.14,0,0,89.03,4424574.67,5958781.33,1507273.33,19.34,73789.07,1622679.2,5043872,64.72,2162778.4,987220,46.67,0.99,0,6.3,0,6.37,0,0.98,0.05,0.99,0,0.99,0,0,12.61,0,0.07,9106.01,61783.27,1339.73,51613.2,0,18822.64,18765.22,23183.08,21750.14,0,0,0,0,,,,,0.67,160.87,0.3,0.27,0.23,0.07,9.38,0,0.98,0.11,0.01,89.51,765079.47,2001185.33,1498122.93,39.58,61772,1332676.27,2770654.93,73.19,1763758.67,1086745.87,22138.13,7.84,2.79,1501.94,0,190.86,0.01,2.74,0.36,7.84,0.22,7.62,0,5.58,3003.87,0,0.19,3216.65,7874.67,1201.07,19871.4,0,2422.82,1457.39,17646.14,98.69,0,0,0,0,4,327.87,2.87,2.92,2.41,0.07,21.45,0,10.52,0,0,68.02,2876941.07,4563033.6,2899037.87,37.2,75385.33,1768883.47,5125242.67,65.77,3550346.13,1125453.07,160.27,1.11,0,7.35,0,6.72,0,0.79,0.05,1.11,0,1.11,0,0,14.7,0,0.24,14324.41,64259.8,1275.73,54072,0,19545.99,20046.46,12010.71,21164.88,0,0,0,0,4,326.2,2.98,2.62,2.17,0.07,22.53,0,10.91,0,0,66.54,2879783.2,4565660.27,2894053.6,37.14,75333.6,1768794.93,5115616,65.64,3546016.27,1124576,80.27,1.44,0,9.37,0,6.63,0,0.78,0.05,1.44,0,1.44,0,0,18.74,0,0.24,14252.28,64289.67,1267.2,54099.47,0,19433.38,19930.87,11937.42,21035.32,0,0,0,0
Passthrough HTTP service (h1c -> h1c),2G,1000,50,0,HTTP Request,11526234,0,0,19207.28,51.99,998,16.78,0,270,62,73,81,91,100,142,3638.88,4370.41,97.15,2038,,,99.99,4090,,,99.95,2048,,,99.03,4096,15.3,5068.541,99.05,4096,15.05,4706.503,5.25,178.25,5.41,5.31,5.32,0.06,63.37,0,25.31,0,0.01,11.32,4891473.75,6466509.75,989644.5,12.7,76861.25,1657500.75,2892168.25,37.11,1458581.5,1211316.5,60.5,1.31,0,8.78,0,6.59,0,0.74,0.06,1.31,0,1.31,0,0,17.56,0,1.27,5012.17,66567.75,2938,54541.75,0,36134.56,70600.13,8922.69,11825.34,0,0,0,0,N/A,N/A,N/A,N/A,0.38,167.94,0.61,0.6,0.52,0.12,6.17,0,9.78,0,0,84.05,4485900.75,6020827.25,1443219.25,18.52,73952.75,1622924,5042186,64.71,2098978.5,987281.25,64.75,1.39,0,8.38,0,6.13,0,0.87,0.05,1.39,0,1.39,0,0,16.77,0,0.47,14081.24,61947.62,1928,52211.19,0,35383.32,17851.71,6166.96,3677.64,0,0,0,0,,,,,0.87,162.6,0.26,0.26,0.25,0.13,10.14,0,1.08,0.11,0.01,88.65,1139735.47,2086913.33,1418436.8,37.47,49175.73,1062386.4,2774834.67,73.31,1530812,957246.67,17242.13,7.56,2.71,1510.81,0,202.61,0.01,2.86,0.36,7.56,0.22,7.34,0,5.43,3021.62,0,0.28,2969.44,6956.07,1209.6,18960.27,0,2411.14,1417.43,16800.87,96.02,0,0,0,0,2.06,645.06,2.45,2.43,2.44,0.12,20.03,0,9.56,0,0,70.4,3099824.75,4787190.75,2671029.5,34.28,75532.5,1769849,5175377.25,66.41,3308252.75,1126253.25,164.25,1.44,0,9.37,0,6.66,0,0.86,0.06,1.44,0,1.44,0,0,18.74,0,1,14774.99,64358.12,1548,54355.06,0,18453.34,10415.16,2896.43,11076.81,0,0,0,0,1.19,643.88,2.25,2.25,2.23,0.06,21.22,0,9.67,0,0,69.11,3095216.5,4782394.5,2673443.25,34.31,75508.25,1769716.25,5166152.25,66.29,3310958.75,1125369.75,118.5,1.49,0,9.97,0,6.74,0,0.78,0.06,1.49,0,1.49,0,0,19.94,0,1,14435.04,64390.12,1542,54385.06,0,18131.67,10248.66,2849.01,10903.38,0,0,0,0
Passthrough HTTP service (h1c -> h1c),2G,1000,1024,0,HTTP Request,11106373,0,0,18509.36,53.95,998,17.16,0,267,64,76,84,94,103,141,21148.39,21853.33,97.22,2037.5,,,99.99,4090,,,99.96,2048,,,99.07,4096,14.45,3837.469,99.05,4096,14.65,4127.382,5.12,178.62,5.18,5.08,5.14,0,63.41,0,25.29,0,0.01,11.29,4861321.5,6436855.5,1018861.25,13.08,77036,1657787,2894655,37.15,1487199,1211484.25,74.75,1.36,0,9.02,0,6.72,0,0.76,0.05,1.36,0,1.36,0,0,18.04,0,0.22,5264.11,66717.94,2948,54576,0,51611.44,63416.44,42376.26,43790.74,0,0,0,0,N/A,N/A,N/A,N/A,0.27,167.8,0.44,0.45,0.49,0.13,5.36,0,7.41,0,0,87.22,4446881.87,5982261.87,1480638.4,19,74092,1623202.13,5043088.27,64.71,2136322.67,987086.13,68.8,1.16,0,7.18,0,6.19,0,0.92,0.05,1.16,0,1.16,0,0,14.36,0,0.07,4957.85,62109.73,2013.87,52285.4,0,29785.37,17608.75,22530.97,20405.28,0,0,0,0,,,,,0.53,163.13,0.19,0.22,0.24,0,9.1,0,0.99,0.12,0.01,89.78,1060197.07,2026079.73,1479139.73,39.08,47770.4,1082440.27,2773704,73.27,1593998.93,973844.53,20386.67,7.61,3.71,1573.98,0,209.23,0.01,3.01,0.38,7.61,0.23,7.38,0,7.42,3147.95,0,0.13,3213.85,6640.4,1211.73,18494.93,0,2443.97,1395.57,16581.44,94.44,0,0,0,0,2.93,678.13,4.07,3.29,2.79,0,22,0,10.61,0,0,67.38,2824716.8,4512880,2944769.6,37.79,75686.93,1770415.47,5490351.2,70.45,3578941.6,1126679.47,72.8,1.35,0,8.98,0,6.71,0,0.9,0.06,1.35,0,1.35,0,0,17.96,0,0.78,12027.96,64476.13,1602.13,54409.87,0,18342.72,18913.68,11254.13,19844.96,0,0,0,0,7.47,677.4,6.32,5.15,3.72,0.07,22.94,0,10.92,0,0,66.13,2831501.07,4519551.2,2935690.4,37.67,75667.2,1770288.53,5477097.33,70.29,3570740.27,1125818.13,84,1.22,0,8.02,0,6.68,0,0.77,0.05,1.22,0,1.22,0,0,16.04,0,0.78,11989.71,64507.13,1600,54439.2,0,18302.62,18866.1,11230.32,19801.48,0,0,0,0
JSON to XML transformation HTTP service,2G,100,50,0,HTTP Request,8283227,4,0,13804.3,7.2,99,21.43,0,30030,9,14,16,20,23,35,2992.74,3114.05,98.86,2045.5,10037,0,99.99,4088,,,99.97,2048,,,99.36,4096,11.75,72.125,99.41,4096,11.75,72.125,6.94,178.31,5.89,5.77,5.76,0,64.87,0,16.12,0,0,19,4680813,6259476.5,1200023.75,15.4,78285,1660092.5,2901916,37.24,1682155.5,1202876.25,118.25,1.37,0,9.18,0,6.7,0,0.72,0.05,1.37,0,1.37,0,0,18.35,0,0.07,14883.78,67786.25,1356,52956.88,0,25435.13,26354.66,6649.45,7564.4,0,0,0,0,N/A,N/A,N/A,N/A,0.27,167.47,0.32,0.33,0.38,0.13,4.85,0,4.43,0,0,90.71,4476603.2,6015810.13,1449004.8,18.59,75224.8,1625636.27,5041532,64.69,2111806.67,984660.8,124.53,1.06,0,6.47,0,6.06,0,0.89,0.04,1.06,0,1.06,0,0,12.95,0,0.07,19169.24,63257,1130.67,51422.6,0,14200.49,13242.78,4161.14,3090.74,0,0,0,0,,,,,0.2,158.67,0.15,0.15,0.11,0.13,6.8,0,0.72,0.08,0,92.4,778980.8,2011992.27,1489216.27,39.34,49867.2,1343430.93,2770478.13,73.19,1648106.67,1193464.53,18169.07,5.28,0,1004.85,0,187.98,0,3.02,0.25,5.28,0,5.28,0,0,2009.7,0,0.14,1553.77,7878.8,1194.67,19755.87,0,1684.77,1002.2,12294.76,68.06,0,0,0,0,0.6,228.13,0.69,1.06,1.78,0.13,12.86,0,6.04,0,0,81.09,2947283.47,4644233.6,2816226.67,36.14,76955.47,1777410.67,5021234.4,64.43,3475427.47,1132788.8,170.67,1.3,0,8.04,0,6.21,0,0.82,0.06,1.3,0,1.3,0,0,16.08,0,0.13,13259.5,65222.6,1179.73,53973.33,0,7377.1,7726.36,1954.89,8305.76,0,0,0,0,0.87,227,0.8,1.27,2.1,0,12.37,0,5.71,0,0,81.91,2928900.8,4625409.33,2833180,36.36,76996,1777115.73,5005371.73,64.23,3493354.13,1131758.67,193.33,1.36,0,8.54,0,6.39,0,0.77,0.06,1.36,0,1.36,0,0,17.08,0,0.28,12657.73,65252.47,1171.2,54000.4,0,6907.65,7241.01,1840.7,7831.68,0,0,0,0
JSON to XML transformation HTTP service,2G,100,1024,0,HTTP Request,5655198,32,0,9051.21,10.58,95,71.66,0,30055,13,19,23,28,32,52,17218.56,10668.7,98.07,2044,8794,0,99.99,4085.5,,,99.97,2048,,,99.56,4096,11.7,144.957,99.58,4096,11.2,869.034,9.25,178.94,8.25,7.57,6.72,0,73.32,0.08,15.03,0.01,0.01,11.56,4721276.5,6334941,1119893,14.37,67879,1699843.5,2901083.25,37.22,1611553,1222781.5,194.75,21.14,27.07,413.19,0,7.65,0,0.78,0.74,21.14,0.75,20.39,0,54.13,826.38,0,7.16,17584.1,78449.12,1348,58882.56,0,26133.31,26124.86,28107.65,35032.38,0,0,0,0,N/A,N/A,N/A,N/A,0.31,171.81,0.3,0.31,0.33,0.06,3.5,0,2.98,0.03,0,93.48,4282075,6059755.5,1377497,17.68,26693.75,1882603.75,5046839,64.77,2112239.5,1119210.5,202.25,2.98,2.54,167.66,0,15.36,0,1.11,0.22,2.98,0.21,2.77,0,5.07,335.32,0,0.7,12492.72,119873.75,1142,83425.12,0,8762.99,8718,17426.21,16715.86,0,0,0,0,,,,,0.19,163.44,0.16,0.15,0.11,0,4.56,0,0.48,0.06,0,94.9,905248.75,2077511.5,1424360.75,37.63,50278,1282967.5,2778848.25,73.41,1591844.5,1124867,11900.75,4.3,0,755.57,0,174.63,0,2.57,0.2,4.3,0,4.3,0,0,1511.14,0,0.33,1106,8062.25,1208,19930.62,0,1065.61,601.65,8116.99,41.25,0,0,0,0,1.12,227.69,0.66,0.66,1.03,0.12,8.92,0.05,4.7,0.06,0,86.26,2907684.5,4721645,2724226.5,34.96,42333.75,1909014.25,5034027.75,64.6,3381098.5,1231025.5,2560.25,20.81,24.66,411.84,0,15.21,0.01,1.02,0.68,20.81,0.72,20.09,0,49.32,823.69,0,6.44,9011.54,100365.56,1164,73740.62,0,9180.74,9401.48,9050.89,9915.62,0,0,0,0,0.44,224.12,0.58,0.64,1.13,0.06,8.51,0,4.91,0,0,86.57,3035726.25,4733309.75,2725172.5,34.97,77164.5,1777975,5013178,64.33,3385746.75,1132486.75,195.25,1.61,0,10.05,0,6.34,0,0.78,0.06,1.61,0,1.61,0,0,20.11,0,0.53,8759.72,65359.38,1156,53998.38,0,8859.5,9080.98,8709.14,9578.84,0,0,0,0
JSON to XML transformation HTTP service,2G,300,50,0,HTTP Request,8892042,0,0,14819.43,20.19,299,9.27,0,132,25,32,37,43,47,82,3212.81,3343.05,97.4,2042,14.585,0,99.99,4088.5,,,99.96,2048,,,99.29,4096,15.4,5213.498,99.35,4096,10.534,1832.821,6.25,183.5,6.07,6.36,6.69,0,69.74,0,17.32,0.04,0.01,12.89,4315127.25,6163211.75,1269828.5,16.29,84862.75,1873817.75,2935218,37.67,1850568.25,1322461,192.75,20.49,81.48,13.78,0,6.46,0,0.74,0.77,20.49,19,1.48,0,162.96,27.56,0,1.01,5789.88,139708.75,1716,100388.25,0,27353.41,41817.85,7137.01,8987.76,0,0,0,0,N/A,N/A,N/A,N/A,0.31,170,0.41,0.36,0.32,0,4.87,0,5.08,0.28,0,89.77,4045890.5,5998813.5,1437098.75,18.44,95503,1965725.5,5044777.25,64.73,2355282.5,1086714.75,211.5,19.49,78.43,13.02,0,6.04,0,0.89,1.47,19.49,18.09,1.4,0,156.85,26.03,0,0.58,15191.53,137757.62,1338,101171.5,0,22512.78,13618.92,4788.77,3178.31,0,0,0,0,,,,,0.4,165.2,0.19,0.18,0.13,0.07,7.85,0.1,1.04,0.56,0,90.46,374403.47,2017795.2,1444159.2,38.15,81658.13,1683564.27,2800234.4,73.97,1812779.47,1354230.67,16473.33,48.97,173.49,1572.89,0,166.25,0,2.3,1.68,48.97,22.88,26.09,0,346.97,3145.77,0,6.65,2279.75,80575.33,1203.2,67390.27,0,1809.32,1067.41,12951.94,72.46,0,0,0,0,0.73,331,1.56,1.24,1.06,0.07,15.05,0,7.1,0.19,0,77.66,2665174.93,4632651.73,2802856,35.97,82600.8,1991641.07,5152251.73,66.12,3515366.93,1292807.2,214.13,21.72,86.22,15.9,0,6.31,0,0.87,1.29,21.72,19.89,1.83,0,172.43,31.8,0,0.55,12210.81,136828.27,1273.6,100921,0,10601.99,7988.33,2207.04,8584.26,0,0,0,0,2.4,329.47,1.92,1.55,1.25,0.2,15.06,0.06,7.19,0.07,0,77.62,2873402.13,4654442.13,2790396.8,35.81,80905.6,1837387.2,5130578.13,65.84,3463045.33,1177617.33,2696.27,31.63,66.93,443.64,0,15.72,0,0.93,0.96,31.63,10.12,21.5,0,133.86,887.27,0,6.86,12077.64,95748.73,1269.33,77745.07,0,10085.66,7756.19,2169.9,8351.31,0,0,0,0
JSON to XML transformation HTTP service,2G,300,1024,0,HTTP Request,5799147,25,0,9229.3,30.99,286,63.15,0,30030,36,45,51,59,65,85,17557.33,10878.63,94.96,2039.5,16.498,0,99.99,4084.5,,,99.97,2048,,,99.55,4096,12.25,651.952,99.57,4096,11.25,796.202,8.44,184,8.37,7.76,7.15,0,75.47,0,13.88,0,0,10.65,4383535.25,6251787,1181092.25,15.16,99553.5,1874887.5,2938597.5,37.71,1777529.5,1323358.75,179.75,1.35,0,9.14,0,6.85,0,0.75,0.05,1.35,0,1.35,0,0,18.27,0,0.06,11859.15,143440.5,1716,103955.62,0,26607.56,27714.39,28596.69,35756.21,0,0,0,0,N/A,N/A,N/A,N/A,0.31,169.31,0.31,0.31,0.31,0.12,3.57,0,4.02,0,0,92.4,4029362.25,6002276.25,1433262.75,18.39,109722.5,1966747.75,5039052,64.66,2365618.5,1087534.25,191.25,1.07,0,6.66,0,6.17,0,0.96,0.04,1.07,0,1.07,0,0,13.31,0,0.06,12655.54,141844.38,1326,105077.31,0,9979.12,8865.02,17755.26,17008.32,0,0,0,0,,,,,0.2,165.07,0.1,0.12,0.11,0,4.68,0,0.49,0.06,0,94.78,809828.8,1977587.73,1490136,39.37,96411.73,1200158.4,2805488.27,74.12,1860114.93,882925.87,11142.13,4.43,0.2,757.1,0,170.49,0,2.33,0.18,4.43,0.02,4.42,0,0.39,1514.21,0,0.17,1428.65,74769,1190.4,66293.53,0,1172.25,678.6,8688.17,46.33,0,0,0,0,1.53,331.47,0.98,1.1,1.18,0.07,10.43,0,5.2,0,0,84.36,2605537.6,4594744.53,2841004.8,36.46,98064,1993081.33,5145894.67,66.03,3569043.73,1294065.07,177.33,1.54,0,9.59,0,6.39,0,0.78,0.06,1.54,0,1.54,0,0,19.19,0,0.24,7943.65,140743.6,1271.47,104704.73,0,9704.12,9958.45,9518.12,10489.24,0,0,0,0,1.33,329.73,1.2,1.28,1.34,0.07,11.75,0,5.79,0,0,82.46,2693679.47,4604188,2829349.07,36.31,21886.67,1992319.73,5131922.4,65.85,3481002.4,1293528,208,1.31,0.03,8.02,0,6.2,0,0.78,0.06,1.31,0.01,1.3,0,0.05,16.05,0,0.41,7824.87,140768.13,1277.87,104718.53,0,9539.69,9786.18,9372.72,10328.86,0,0,0,0
JSON to XML transformation HTTP service,2G,1000,50,0,HTTP Request,8424697,0,0,14039.64,71.15,998,22.85,1,316,85,102,112,125,134,166,3043.75,3167.15,93.57,2035.5,11.197,0,99.99,4086,,,99.96,2048,,,99.28,4096,15.65,5575.537,99.31,4096,13.3,2172.232,6.5,184.31,5.7,5.99,6.57,0,71.68,0,19.04,0,0.01,9.27,4360143.75,6230314,1198909.5,15.38,99923.25,1875210.25,2939303,37.72,1794190.25,1323450.5,158.5,1.1,0,7.58,0,6.73,0,0.74,0.04,1.1,0,1.1,0,0.01,15.16,0,0.06,3355.55,143593.81,3020,105253.31,0,26040.62,51468.12,6760.82,9267.72,0,0,0,0,N/A,N/A,N/A,N/A,0.33,169.73,0.3,0.3,0.29,0.13,4.34,0,7.16,0,0,88.49,3979076.8,5952970.67,1480970.67,19,109999.2,1967164.8,5043930.4,64.72,2414069.6,1087782.67,149.33,1.04,0,6.38,0,6.16,0,0.91,0.05,1.04,0,1.04,0,0,12.76,0,0.07,10943.17,142001.73,2013.87,105777.67,0,27091.38,13560.86,5068.94,3164.27,0,0,0,0,,,,,0.47,166,0.13,0.12,0.09,0,7.08,0,0.79,0.09,0,92.04,578560,1970938.4,1493396,39.45,97197.07,1420801.07,2809846.93,74.23,1875772.8,1093377.33,14747.73,7.06,1.2,1083.27,0,152.76,0,2.18,0.27,7.06,0.17,6.9,0,2.39,2166.54,0,0.31,2278.68,75395.4,1207.47,66954.13,0,1841.49,1071.33,12650.49,72.82,0,0,0,0,2.87,680.93,2.18,1.88,1.44,0,15.68,0,7.51,0,0,76.8,2494411.2,4484996.27,2946675.47,37.81,98355.47,1994291.47,5508233.6,70.68,3657284.27,1295157.87,206.4,1.1,0,7.05,0,6.38,0,0.83,0.06,1.1,0,1.1,0,0,14.1,0,0.62,10539.85,140845.33,1619.2,105047.4,0,14120.02,7873.7,2386.39,8332.58,0,0,0,0,5.27,680,2.03,1.76,1.48,0,15.59,0,8.01,0,0,76.4,2570595.47,4482627.2,2947244.8,37.82,22181.07,1993356.27,5494916,70.51,3581738.13,1294450.13,209.33,1.13,0,7.08,0,6.23,0,0.8,0.06,1.13,0,1.13,0,0,14.16,0,0.63,10465.6,140878.67,1612.8,105069.53,0,14027.11,7812.93,2371.31,8280.44,0,0,0,0
JSON to XML transformation HTTP service,2G,1000,1024,0,HTTP Request,4993115,17,0,8175.25,120.09,981,61.57,13,30031,143,154,162,171,178,209,15552.15,9636.22,83.55,2031,15.491,0,99.99,4083,,,99.97,2048,,,99.53,4096,15.6,5503.412,99.58,4096,10.249,2245.771,8.56,184.25,6.73,6.29,6.28,0,77.35,0,12.28,0,0,10.36,4393583.25,6264445,1164968,14.95,100270,1875555.5,2945416.5,37.8,1762059.5,1323586.25,167.5,1.4,0,9.27,0,6.69,0,0.75,0.05,1.4,0,1.4,0,0,18.55,0,1.47,7653.05,143754.75,2950,105188.75,0,23122.66,30771.28,24808.79,31453.18,0,0,0,0,N/A,N/A,N/A,N/A,0.25,169.5,0.27,0.24,0.25,0.06,2.86,0,3.52,0,0,93.61,4081839.75,6056357.75,1377325,17.68,110282.5,1967566.25,5042596,64.71,2310632.5,1088050.5,171.25,1.46,0,8.57,0,5.97,0,1.02,0.05,1.46,0,1.46,0,0,17.15,0,0.37,6609.74,142162.12,1928,105686.69,0,15331.34,7702.28,15846.82,14768.88,0,0,0,0,,,,,0.31,174.94,0.1,0.1,0.09,0,4.06,0,0.45,0.07,0,95.42,817163,2028444.25,1438080.75,37.99,97360.25,1241992.75,2822340.75,74.56,1826640.5,907750,9580.25,5.42,0.23,736.12,0,135.64,0,2.02,0.21,5.42,0.02,5.41,0,0.47,1472.23,0,0.55,1401.54,74601.19,1202,67346.44,0,1132.14,613.85,7217.59,42.06,0,0,0,0,2.56,647.94,1.29,1.3,1.44,0.12,9.52,0,4.68,0,0,85.79,2786654.5,4778643.75,2653524.75,34.05,98656.25,1995249.75,5192546.25,66.63,3367892,1295994.75,243,1.48,0,9.48,0,6.45,0,0.88,0.05,1.48,0,1.48,0,0,18.97,0,1.02,5915.37,140945.62,1560,104987.69,0,8034.88,8279.6,7832.12,8635.96,0,0,0,0,2.19,646.69,0.78,0.95,1.22,0.12,10.02,0,4.72,0,0,85.25,2879124.25,4792493.25,2637601.5,33.85,22477.75,1994381.75,5174006.75,66.39,3274994,1295357.75,283.75,1.57,0,9.76,0,6.29,0,0.8,0.05,1.57,0,1.57,0,0.01,19.52,0,1.06,5932.81,140972.44,1530,105003.62,0,8034.08,8279.95,7831.67,8635.53,0,0,0,0
Passthrough HTTPS service (h1 -> h1),2G,100,50,0,HTTP Request,10008927,0,0,16679.88,5.95,99,3.08,0,155,7,9,11,13,14,20,3160.05,3795.32,99.53,2045.5,15.405,0,99.99,4089.5,,,99.96,2048,,,99.24,4096,14.6,4055.257,99.24,4096,15.5,5358.455,6.19,177.75,6.62,6.25,5.74,0,71.17,0,17.98,0,0,10.85,4917178.75,6492514.25,967602.5,12.42,77195.25,1658048.5,2896253,37.17,1442084,1207864.25,120,1.21,0,7.92,0,6.73,0,0.75,0.05,1.21,0,1.21,0,0,15.85,0,0.07,16315.86,66870.62,1374,52958.44,0,30660.14,31644.73,8956.21,9707.19,0,0,0,0,N/A,N/A,N/A,N/A,0.87,167.4,0.53,0.49,0.47,0.07,7.99,0,4.56,0,0,87.44,4433593.07,5972049.33,1493544.27,19.17,74239.2,1626194.4,5046960,64.76,2152238.67,988292.8,109.87,1.02,0,6.33,0,6.23,0,0.92,0.05,1.02,0,1.02,0,0,12.66,0,0.07,13573.84,62285.47,1162.67,51423.53,0,17197.02,16135.19,5079.01,3781.7,0,0,0,0,,,,,0.27,159.4,0.22,0.23,0.23,0.2,8.11,0,0.86,0.1,0.01,90.93,1162641.87,2013897.33,1493503.2,39.45,47052.8,970720.53,2773064.53,73.25,1610326.13,858929.6,15854.67,6.71,3.75,1203.17,0,179.87,0,2.84,0.33,6.71,0.24,6.47,0,7.51,2406.34,0,0.21,2244.51,6338.33,1211.73,18300.87,0,2043.48,1211.84,15043.78,82.26,0,0,0,0,2.13,228.07,1.9,2.39,2.78,0,20.2,0,7.68,0,0,72.11,2903316.53,4592424,2869422.93,36.82,75870.4,1771125.6,5024974.13,64.48,3526549.87,1127248.27,88.53,1.13,0,7.34,0,6.48,0,0.89,0.06,1.13,0,1.13,0,0,14.68,0,0.13,14766.18,64575.47,1166.93,53968.93,0,8807.16,9237.98,2648.49,10472.53,0,0,0,0,1.93,227,1.8,3.01,3.79,0.07,20.88,0,7.86,0,0,71.26,2898726.93,4587796.27,2872036.53,36.86,75874.13,1771112.53,5012468,64.32,3530145.07,1126498.67,122.4,1.28,0,8.42,0,6.67,0,0.79,0.06,1.28,0,1.28,0,0,16.86,0,0.13,14563.88,64614.6,1177.6,54006.47,0,8565.51,8987.35,2586.61,10236.73,0,0,0,0
Passthrough HTTPS service (h1 -> h1),2G,100,1024,0,HTTP Request,7110689,0,0,11850,8.39,99,3.71,0,174,10,13,15,17,19,30,13539.55,13990.87,99.61,2045.5,15.307,0,99.99,4085.5,,,99.97,2048,,,99.43,4096,15.15,4851.46,99.46,4096,11.55,362.039,7.38,178.38,7.18,6.93,6.47,0,75.05,0,16.33,0,0,8.61,4912758.5,6488667.25,971676.75,12.47,77355.5,1658434.75,2905565.25,37.28,1450141,1204880,152.75,1.37,0,8.69,0,6.18,0,0.73,0.06,1.37,0,1.37,0,0,17.38,0,1.25,18927.05,67020,1358,52949,0,32641.73,32645.31,28531.34,28288.55,0,0,0,0,N/A,N/A,N/A,N/A,0.56,167.25,0.44,0.44,0.45,0.12,6.64,0,3.73,0,0,89.62,4498053.25,6036961,1428449.5,18.33,74378.5,1626466.25,5046572,64.76,2089333.75,986366.25,171.5,1.19,0,9.66,0,6.62,0,0.92,0.05,1.19,0,1.19,0,0,19.32,0,0.32,18852.78,62447.94,1138,51420.69,0,10889.63,10879,13746.93,12917.76,0,0,0,0,,,,,0.2,159.13,0.15,0.17,0.18,0.13,5.77,0,0.6,0.08,0.01,93.55,1329865.33,2077199.73,1431274.13,37.81,47753.6,867224,2773308,73.26,1555536,749041.33,12529.33,4.99,0.3,924.85,0,184.79,0,2.82,0.23,4.99,0.01,4.98,0,0.6,1849.69,0,0.25,1450.84,6977.27,1194.67,18929.6,0,1397.81,825.88,10330.08,56.26,0,0,0,0,1,228.2,1.12,1.27,1.84,0.13,17.65,0,6.54,0,0,75.8,3016576.53,4707528.53,2754270.13,35.34,76021.6,1772740.27,5023616,64.46,3411553.6,1128722.13,173.07,1.53,0,9.54,0,6.27,0,0.9,0.06,1.53,0,1.53,0,0,19.09,0,0.34,10362.61,64685.27,1169.07,53969.73,0,11490.11,11778.15,7425.24,13126.81,0,0,0,0,0.8,227.4,1.47,1.55,2.31,0.07,18.31,0,6.76,0,0,74.92,3014156.27,4704890.4,2754760,35.35,76022.13,1772553.07,5012994.67,64.33,3412869.33,1127800.53,186.4,1.4,0,9.04,0,6.5,0,0.79,0.06,1.4,0,1.4,0,0,18.08,0,0.51,10240.61,64719.47,1175.47,54001.27,0,11380.37,11671.09,7365.92,13023.41,0,0,0,0
Passthrough HTTPS service (h1 -> h1),2G,300,50,0,HTTP Request,10351912,0,0,17251,17.33,298,7.31,0,158,21,26,30,34,37,81,3268.26,3925.28,98.97,2042.5,17.129,0,99.99,4090,,,99.96,2048,,,99.24,4096,13.6,2607.103,99.21,4096,15.2,4923.585,6.06,178.38,6.02,6.19,6.38,0,71.17,0,17.89,0,0.01,10.92,4861219,6437795.5,1021890.5,13.11,77549,1658819,2907392.25,37.31,1499736.25,1205137.25,138.75,1.03,0,6.61,0,6.41,0,0.76,0.05,1.03,0,1.03,0,0,13.21,0,0.06,7212.97,67176.75,1742,53329.25,0,31672.73,36996.67,9232.14,10283.52,0,0,0,0,N/A,N/A,N/A,N/A,0.33,167.4,0.5,0.46,0.45,0.07,8.4,0,4.9,0,0,86.69,4424353.87,5963883.47,1501391.73,19.27,74558.67,1626855.2,5046500,64.76,2162611.2,986466.13,180.8,1.26,0,7.51,0,5.94,0,0.89,0.05,1.26,0,1.26,0,0,15.01,0,0.07,10033.85,62609.8,1352.53,51620.13,0,21298.01,16593.95,5455.94,3889.28,0,0,0,0,,,,,0.27,160.4,0.16,0.15,0.15,0.07,7.86,0,0.83,0.1,0.01,91.2,958084.53,1999522.93,1504597.6,39.75,48129.07,1156768.8,2773464.53,73.26,1634277.6,1033426.67,25442.4,6.63,0,1320.83,0,197.42,0.01,2.91,0.29,6.63,0,6.63,0,0,2641.66,0,0.14,2852.93,7161.13,1207.47,19099,0,2133.21,1280.87,15555.21,86.77,0,0,0,0,2.53,328.2,2.52,2.05,1.79,0,22.79,0,8.42,0,0,68.78,2871621.87,4564096.27,2896672.8,37.17,76198.93,1774066.13,5135276.8,65.9,3549769.87,1129921.6,181.07,1.22,0,7.85,0,6.48,0,0.8,0.05,1.22,0,1.22,0,0,15.69,0,0.23,12974.14,64797.27,1275.73,54075.33,0,9549.12,9444.7,2736.91,10711.1,0,0,0,0,6.33,326.87,2.9,2.48,2.23,0,24.39,0,8.77,0,0,66.83,2883383.47,4575660.53,2882942.93,36.99,76182.93,1773913.07,5117411.2,65.67,3536411.47,1129030.4,196.53,1.49,0,9.55,0,6.48,0,0.79,0.05,1.49,0,1.49,0,0,19.1,0,0.36,12746.68,64824.67,1277.87,54100.2,0,9366.38,9416.35,2714.38,10657.96,0,0,0,0
Passthrough HTTPS service (h1 -> h1),2G,300,1024,0,HTTP Request,7255795,0,0,12091.5,24.74,299,9.08,0,260,30,36,41,46,51,79,13815.48,14276,99.14,2042,17.059,0,99.99,4085,,,99.97,2048,,,99.41,4096,17.65,8471.846,99.43,4096,15.25,4996.417,7.69,178.44,6.71,6.42,6.33,0,76.5,0,15.76,0,0.01,7.73,4873243,6450276.75,1009308,12.95,77691.25,1659110.5,2900424.5,37.22,1487627.25,1205306,191.25,1.41,0,9.08,0,6.51,0,0.77,0.06,1.41,0,1.41,0,0,18.15,0,1.25,7220.96,67327.25,1710,53305.88,0,33332.98,33755.59,29119.92,28899.32,0,0,0,0,N/A,N/A,N/A,N/A,0.5,167.25,0.39,0.41,0.44,0.06,6.33,0,4.07,0,0,89.59,4499985.75,6039990.25,1425078.5,18.29,74728,1627117.25,5047236,64.77,2086900,986566,174,1.2,0,9.76,0,6.64,0,0.89,0.05,1.2,0,1.2,0,0,19.52,0,0.47,19154.12,62772.25,1334,51597,0,11546.98,11104.93,14058.22,13184.4,0,0,0,0,,,,,0.13,160.27,0.14,0.14,0.15,0.07,5.72,0,0.6,0.08,0.01,93.59,1145169.87,2077602.13,1428135.73,37.73,48488.27,1048805.33,2769084.53,73.15,1565056.27,919616,15904.27,5.25,0,1001.56,0,189.9,0,2.9,0.24,5.25,0,5.25,0,0.01,2003.11,0,0.27,1933.36,7338.27,1194.67,19261.53,0,1456.14,863.81,10566.49,58.78,0,0,0,0,1.27,328.33,2.14,2.24,2.13,0.07,20.87,0,7.4,0,0,71.73,2996950.93,4690736.53,2769894.4,35.54,76377.07,1775121.33,5131185.33,65.84,3422929.87,1130862.4,207.2,1.48,0,9.42,0,6.4,0,0.87,0.07,1.48,0,1.48,0,0,18.84,0,0.68,9555.41,64905.13,1271.47,54070.8,0,11660.78,11965.94,7535.77,13345.82,0,0,0,0,2.2,327.4,2.61,2.74,2.62,0.13,21.32,0,7.57,0,0,71.1,3003048.8,4696584.27,2761995.73,35.44,76369.87,1774958.13,5115918.4,65.65,3416553.07,1129954.93,189.07,1.55,0,9.79,0,6.42,0,0.81,0.05,1.55,0,1.55,0,0,19.58,0,0.67,9337.8,64931.6,1262.93,54094.4,0,11657.12,11963.18,7528.23,13332.14,0,0,0,0
Passthrough HTTPS service (h1 -> h1),2G,1000,50,0,HTTP Request,9318527,0,0,15527.59,64.3,998,19.83,0,244,76,90,99,111,120,156,2941.75,3533.13,97.18,2032,20.059,0,99.99,4086.5,,,99.96,2048,,,99.21,4096,26.25,20.436,99.25,4096,22.7,15.415,4.94,178.06,5.72,5.85,6.11,0,69.96,0,20.77,0,0.01,9.26,4810625.25,6388730.5,1066053.5,13.68,77859.25,1659347,2903437,37.26,1543403.25,1205428.75,172,1.39,0,8.8,0,6.29,0,0.74,0.06,1.39,0,1.39,0,0,17.6,0,0.07,4265.5,67480.31,3022,54613.12,0,28216.5,55670.85,8175.13,10570.58,0,0,0,0,N/A,N/A,N/A,N/A,0.67,167.73,0.77,0.66,0.54,0.13,8.48,0,8.91,0,0.01,82.6,4439149.6,5979906.93,1483207.2,19.03,74889.07,1627477.07,5045692,64.75,2144904.53,986773.33,156.27,1.04,0,6.32,0,6.07,0,0.87,0.04,1.04,0,1.04,0,0,12.63,0,0.07,17260.91,62934.27,2050.13,52304.8,0,29103.42,14569.06,5459.8,3414.95,0,0,0,0,,,,,0.33,163.07,0.15,0.15,0.12,0.07,7.75,0,0.82,0.09,0,91.34,907506.4,2035109.33,1467811.2,38.78,49042.13,1240573.87,2774540.27,73.3,1610076.8,1105050.13,18482.13,6.23,0.15,1166.41,0,183.86,0,2.7,0.28,6.23,0,6.23,0,0.3,2332.82,0,0.21,2493.69,7519.07,1207.47,19430.47,0,2005.09,1155.64,13673.23,78.37,0,0,0,0,6.73,678.4,3.37,2.83,2.45,0.07,21.8,0,8.47,0,0.01,69.73,2792082.4,4486796.53,2969574.67,38.11,76612.27,1775696.8,5495024,70.51,3604994.4,1131318.4,188,1.12,0,7.16,0,6.45,0,0.9,0.05,1.12,0,1.12,0,0,14.31,0,0.63,11427.92,65006.6,1623.47,54414.6,0,15144.24,8485.36,2838.01,9416.61,0,0,0,0,1.33,677.2,3.33,2.99,2.76,0,22.65,0,8.7,0,0,68.65,2767581.07,4462159.47,2992037.33,38.39,76625.87,1775662.13,5489767.2,70.45,3628622.67,1130535.47,226.93,1.6,0,10.06,0,6.38,0,0.82,0.05,1.6,0,1.6,0,0,20.13,0,0.78,11164.36,65039.27,1627.73,54445.2,0,15088.69,8435.16,2828.37,9384.67,0,0,0,0
Passthrough HTTPS service (h1 -> h1),2G,1000,1024,0,HTTP Request,6920021,0,0,11530.85,86.63,998,24.92,0,332,102,119,131,145,155,189,13174.9,13614.06,97.5,2032,19.84,0,99.99,4082.5,,,99.97,2048,,,99.4,4096,23.2,16.122,99.42,4096,22.55,15.203,7.06,178.31,5.81,5.73,5.82,0,75.42,0,16.68,0,0.01,7.89,4808923.5,6387620.5,1067343.75,13.7,78053.5,1659739.25,2898661,37.2,1543802.5,1205705.75,197,1.38,0,8.96,0,6.44,0,0.73,0.05,1.38,0,1.38,0,0,17.92,0,1.25,4131.48,67628.25,2934,54541.62,0,31141.42,41324.2,27157.97,27583.48,0,0,0,0,N/A,N/A,N/A,N/A,0.31,167.62,0.36,0.43,0.49,0.06,5.96,0,10.2,0,0.01,83.83,4509276,6050623.75,1412040,18.12,75058.25,1627903.5,5049417.25,64.79,2074067,987052.5,152,1.22,0,9.88,0,6.6,0,0.91,0.05,1.22,0,1.22,0,0,19.75,0,0.47,19118.78,63092.81,1952,52215,0,20557.02,10372.17,13753.34,12308.6,0,0,0,0,,,,,0.07,162.73,0.16,0.14,0.11,0.07,5.31,0,0.58,0.08,0,94.02,1027299.2,2094309.07,1409254.4,37.23,49441.6,1180287.2,2777456.8,73.37,1560388.8,1037819.2,17106.67,4.97,0,951.42,0,189.64,0,3.05,0.24,4.97,0,4.97,0,0,1902.83,0,0.27,2019.55,7698.27,1207.47,19594.27,0,1548.43,834.26,9818.61,56.74,0,0,0,0,3.33,678.13,2.5,2.73,2.73,0,19.68,0,7.01,0,0,73.3,2932574.4,4628481.87,2827824.8,36.29,76795.2,1776641.33,5497368,70.55,3464353.33,1132135.47,216.27,1.48,0,9.41,0,6.31,0,0.94,0.05,1.48,0,1.48,0,0,18.82,0,1.05,8424.95,65118.27,1612.8,54401.6,0,10906.21,11254.7,7008.97,12417.59,0,0,0,0,0.56,643.75,3.22,3.21,3.02,0.06,20.19,0,7.09,0,0,72.71,3075805.75,4771341.75,2683593.25,34.43,76818,1776488.25,5164050.25,66.27,3322940,1131246.75,231.25,1.72,0,10.84,0,6.46,0,0.79,0.06,1.72,0,1.72,0,0,21.68,0,1,8101.36,65140.44,1554,54387.19,0,10787.27,11138.42,6937.19,12290.58,0,0,0,0
JSON to XML transformation HTTPS service,2G,100,50,0,HTTP Request,6456854,3,0,10761.03,9.25,99,21.24,0,30030,12,17,20,24,27,41,2332.97,2427.54,99.08,2045,15.334,0,99.99,4084.5,,,99.97,2048,,,99.51,4096,12.2,579.12,99.51,4096,14.6,4055.257,7.69,184.25,6.57,6.5,6.42,0.06,70.92,0,13.46,0,0.01,15.61,4452898.5,6323309.75,1109735.25,14.24,100578.75,1875805,2942540,37.76,1711035,1320595.25,107,1.42,0,8.83,0,6.29,0,0.73,0.05,1.42,0,1.42,0,0,17.68,0,0.06,9723.19,143902.5,1368,103589.19,0,19802.24,20763.31,6055.36,6715.87,0,0,0,0,N/A,N/A,N/A,N/A,0.13,169.27,0.3,0.3,0.28,0.07,5.61,0,3.15,0,0,91.24,3996930.13,5974225.07,1461535.2,18.75,110572.53,1970366.67,5050000,64.8,2396390.93,1090703.73,192.27,1.19,0,7.27,0,6.07,0,0.94,0.05,1.19,0,1.19,0,0,14.54,0,0.07,12906.45,142330.13,1124.27,104895.13,0,11192.25,10287.21,3534.1,2692.35,0,0,0,0,,,,,0.13,164.33,0.13,0.11,0.09,0,5.62,0,0.59,0.07,0,93.72,649508.8,1974383.73,1490527.47,39.37,97795.47,1353444.53,2807977.07,74.18,1890612.27,1007994.4,15188.53,5.66,0.22,794.18,0,139.27,0,2.24,0.22,5.66,0.01,5.65,0,0.45,1588.37,0,0.28,1171.32,74789.27,1203.2,67519.87,0,1299.71,769.7,9563.76,52.55,0,0,0,0,0.73,231.13,0.77,0.99,1.21,0.07,12.73,0,4.93,0,0,82.34,2628725.33,4621890.67,2814429.87,36.11,98980.8,1995951.47,5037800,64.65,3548444.53,1296571.2,175.2,1.11,0,7.11,0,6.4,0,0.8,0.05,1.11,0,1.11,0,0,14.22,0,0.13,10015.04,141059.47,1162.67,104601.27,0,5689.09,5902.47,1776.41,6664.54,0,0,0,0,1,230.13,0.66,0.7,0.88,0.07,13.66,0,5.06,0,0,81.27,2711920.8,4626462.67,2807731.47,36.03,22770.13,1995166.67,5032136,64.57,3465758.67,1296012.27,197.6,1.55,0,9.45,0,6.15,0,0.78,0.06,1.55,0,1.55,0,0,18.9,0,0.3,9901.63,141092.13,1184,104622.93,0,5491.17,5716.33,1730.74,6506.03,0,0,0,0
JSON to XML transformation HTTPS service,2G,100,1024,0,HTTP Request,4004934,3,0,6674.18,14.93,99,27.11,1,30051,19,25,29,35,39,57,12696.59,7866.92,98.54,2043.5,15.385,0,99.99,4081,,,99.97,2048,,,99.68,4096,12,289.914,99.67,4096,13.8,2896.309,7.69,184.31,7.98,7.47,6.97,0,79.69,0,10.14,0,0,10.16,4494188,6365004,1067961.5,13.7,100865.5,1875829.5,2948049.5,37.83,1672424.25,1317616.25,147.25,1.45,0,9.36,0,6.57,0,0.72,0.05,1.45,0,1.45,0,0,18.72,0,1.47,5405.5,144058.06,1352,103587.25,0,18470.81,18505.71,20820.48,25303.27,0,0,0,0,N/A,N/A,N/A,N/A,0.44,169.56,0.17,0.18,0.21,0.06,3.73,0,2,0,0,94.25,4094679.5,6072514.75,1363178.5,17.49,110865.5,1970641.75,5046948,64.76,2298516.5,1090842.5,180.5,1.62,0,12.13,0,6.23,0,0.93,0.05,1.62,0,1.62,0,0,24.26,0,0.54,12069.32,142489.38,1148,104889.56,0,6200.67,6163.42,12471.5,11999.83,0,0,0,0,,,,,0.27,163.87,0.07,0.09,0.08,0.07,3.46,0,0.37,0.05,0,96.12,787287.73,2038456.27,1427270.67,37.71,98238.67,1280191.2,2810769.87,74.25,1838723.47,923102.13,9068,3.75,0.01,549.91,0,147.84,0,2.27,0.16,3.75,0,3.75,0,0.02,1099.82,0,0.29,730.96,74966.13,1203.2,67681.67,0,775.02,450.67,5800.67,31.05,0,0,0,0,0.53,231.27,0.7,0.72,0.88,0.07,10.15,0,3.61,0,0,86.24,2719093.07,4713796.8,2722449.33,34.93,99272,1997312.8,5045038.67,64.74,3456354.13,1297815.2,203.47,1.5,0,9.5,0,6.31,0,0.79,0.06,1.5,0,1.5,0,0,19.01,0,0.62,6533.56,141165.8,1177.6,104599.47,0,6546.24,6712.28,6609.27,7483.37,0,0,0,0,0.5,225.25,0.4,0.45,0.61,0.06,10.36,0,3.82,0,0,85.81,2971456.5,4887595.25,2546509.75,32.68,23095.25,1996456,4744339,60.88,3204965.75,1297182,314.75,2.01,0,12.51,0,6.2,0,0.81,0.06,2.01,0,2.01,0,0,25.02,0,0.75,6312.09,141196.69,1152,104615.38,0,6274.52,6433.61,6330.45,7167.7,0,0,0,0
JSON to XML transformation HTTPS service,2G,300,50,0,HTTP Request,6802465,2,0,11336.53,26.4,299,19.97,1,30031,33,42,47,55,60,87,2457.73,2557.36,98.12,2041,15.771,0,99.99,4085,,,99.97,2048,,,99.46,4096,17.9,8833.885,99.47,4096,15.6,5503.412,7.13,184.8,7.22,7.17,7.18,0,80.3,0,15.97,0,0.01,3.72,4449693.87,6321167.2,1111625.33,14.26,101165.33,1876141.33,2943169.33,37.76,1716065.07,1317791.73,179.2,1.07,0,6.99,0,6.5,0,0.73,0.05,1.07,0,1.07,0,0,13.98,0,0.07,3790.6,144211.47,1753.6,104000.53,0,22021.81,40054.47,6720.63,8546.71,0,0,0,0,N/A,N/A,N/A,N/A,0.33,168.8,0.29,0.27,0.22,0.13,5.6,0,4.02,0,0,90.36,3982667.47,5961090.13,1474533.33,18.92,111142.67,1970885.33,5048324,64.78,2409858.93,1090930.93,170.13,1.07,0,6.4,0,5.97,0,0.93,0.04,1.07,0,1.07,0,0,12.8,0,0.07,8630.52,142652.53,1354.67,105092.53,0,20794.7,10959.85,4336.62,2868.42,0,0,0,0,,,,,0.27,165.27,0.13,0.1,0.09,0.07,5.62,0,0.55,0.07,0,93.75,489300.8,1983705.87,1478459.2,39.06,98594.67,1519609.87,2808745.33,74.2,1903854.13,1150337.87,17610.67,4.79,0.03,877.48,0,181.36,0,2.44,0.21,4.79,0.01,4.78,0,0.06,1754.96,0,0.13,1601.06,74970,1205.33,67718.6,0,1392.34,829.01,10231.54,56.37,0,0,0,0,5.53,331.4,1.4,1.15,0.97,0.07,15.28,0.07,6.01,0.01,0,78.62,2560778.93,4556941.6,2878249.6,36.93,99610.67,1998014.93,5151894.93,66.11,3588171.73,1318102.4,196.53,2.13,0.15,193.02,0,20.27,0,1.21,0.11,2.13,0,2.13,0,0.3,386.05,0,0.64,9101.41,141289.87,1280,104712.2,0,10222.99,6237.75,2148.75,7053.65,0,0,0,0,3.93,330.07,1.38,1.09,0.83,0.07,16.24,0,6.13,0,0,77.63,2676191.47,4593548,2839705.07,36.44,23392.27,1997280.53,5139860.8,65.95,3493226.67,1297874.13,192.8,1.21,0,7.44,0,6.16,0,0.76,0.05,1.21,0,1.21,0,0,14.87,0,0.24,8904.83,141302.27,1275.73,104719.47,0,9845.5,6204.13,2115.66,7023.39,0,0,0,0
JSON to XML transformation HTTPS service,2G,300,1024,0,HTTP Request,4117481,0,0,6862.15,43.66,299,17.48,1,333,54,67,76,86,94,117,13054.16,8088.49,96.33,2038,16.497,0,99.99,4080.5,,,99.97,2048,,,99.63,4096,17.25,7892.726,99.63,4096,18.8,10137.083,8.25,184.56,7.72,7.45,7.26,0.12,82.33,0,9.78,0,0,7.88,4452718.25,6324665.25,1108242.25,14.22,101466,1876440.5,2945751,37.8,1713120.5,1317976.75,191.75,1.45,0,9.06,0,6.28,0,0.74,0.05,1.45,0,1.45,0,0,18.12,0,0.24,2422.49,144358.81,1726,103945.81,0,18850.07,21761.2,21239.63,25994.92,0,0,0,0,N/A,N/A,N/A,N/A,0.53,169.93,0.2,0.22,0.21,0.07,3.6,0,3.05,0,0,93.34,4096065.33,6075323.47,1359996.53,17.45,111416.27,1971326.67,5047364,64.77,2295488,1091240.27,172.27,1.25,0,7.29,0,5.76,0,0.91,0.04,1.25,0,1.25,0,0,14.59,0,0.24,12631.93,142815.73,1329.07,105083.93,0,9413.2,6431.86,13202.35,12520.78,0,0,0,0,,,,,0,165.13,0.11,0.12,0.09,0.2,3.52,0,0.37,0.05,0,96.07,681294.67,2035517.6,1429004.27,37.75,97970.4,1382298.93,2802480,74.03,1862495.47,1003762.93,8902.93,3.62,0.02,588.1,0,160.79,0,2.18,0.15,3.62,0.01,3.62,0,0.03,1176.2,0,0.14,1107.3,73157.67,1201.07,66569.2,0,832.95,461.1,6022.87,31.65,0,0,0,0,3.27,330.93,0.67,0.82,0.93,0,11.03,0,3.87,0,0,85.09,2647000.8,4645190.67,2789985.6,35.8,100002.93,1999022.93,5150200,66.09,3446327.2,1373211.2,205.6,1.61,0,9.66,0,5.96,0,0.81,0.05,1.61,0,1.61,0,0,19.31,0,0.41,6438.01,141436.6,1267.2,104732.07,0,6718.2,6905.73,6781.79,7692.62,0,0,0,0,0.47,330.27,0.93,1.05,1.01,0,11.66,0,4,0,0,84.34,2725843.73,4644436.8,2788822.13,35.79,23685.33,1998202.13,5133628,65.88,3442396.8,1298684.27,225.87,1.56,0,9.27,0,5.91,0,0.79,0.05,1.56,0,1.56,0,0,18.55,0,0.41,6230.13,141411.13,1273.6,104716.47,0,6616.95,6804.22,6673.83,7570.26,0,0,0,0
JSON to XML transformation HTTPS service,2G,1000,50,0,HTTP Request,6409765,1,0,10680.56,93.54,999,30.81,0,30030,111,131,145,160,172,206,2315.52,2409.38,94.48,2029.5,20.541,0,99.99,4081,,,99.97,2048,,,99.46,4096,24.75,18.314,99.46,4096,23.3,16.263,6.38,184.56,6.27,6.63,6.99,0,76.71,0,15.45,0,0.01,7.84,4399051.5,6273029.75,1156267.25,14.84,101748.5,1876937.75,2943125,37.77,1760315.75,1318351.25,214.5,1.44,0,8.92,0,6.08,0,0.76,0.05,1.44,0,1.44,0,0,17.85,0,1.37,2639.41,144514.25,2940,105170,0,19430.45,38464.46,5901.44,7713.61,0,0,0,0,N/A,N/A,N/A,N/A,0.75,169.56,0.37,0.32,0.25,0,5.71,0,5.76,0,0,88.52,4050208.25,6030535.75,1403074,18,111707,1971650,5053785,64.85,2338910.5,1091424,184,1.43,0,11.12,0,6.2,0,0.9,0.05,1.43,0,1.43,0,0,22.24,0,0.54,13616.26,142977.06,1918,105682.25,0,19224.72,9617.56,3866.85,2516.86,0,0,0,0,,,,,0.31,186.44,0.13,0.13,0.09,0,5.46,0,0.57,0.13,0,93.85,510790,2039648,1422403,37.58,98103,1554376.75,2825502.5,74.64,1869355.75,1161523.5,13461.25,6.76,0.04,1365.29,0,180.66,0.01,2.59,0.35,6.76,0.01,6.74,0,0.08,2730.58,0,0.59,1886.65,72860.62,1198,66449,0,1366.27,771.75,8983.78,52.53,0,0,0,0,2.94,647.88,1.9,1.49,1.17,0.12,14.63,0,5.8,0,0,79.56,2777176.5,4778656.5,2652673.5,34.04,100296.25,2001699.25,5200959,66.74,3294938.75,1375758.25,296.5,1.69,0,10.2,0,6,0,0.99,0.06,1.69,0,1.69,0,0,20.39,0,1.06,7422.74,141539.94,1558,105021.44,0,9975.57,5577.86,1942.02,6171,0,0,0,0,2.38,646.62,1.23,1.2,1.1,0.12,15.06,0,5.86,0,0,79.08,2855307.75,4776823,2653062.25,34.04,23978.75,2000862.25,5179836.5,66.47,3292995,1301222.25,294.5,1.86,0,12.87,0,6.16,0,0.78,0.06,1.86,0,1.86,0,0,25.75,0,1.06,7353.78,141507.81,1560,104999.19,0,10004.47,5584.49,1947.79,6188.93,0,0,0,0
JSON to XML transformation HTTPS service,2G,1000,1024,0,HTTP Request,3675358,1,0,6123.61,163.2,999,50.98,11,30031,195,227,247,269,285,333,11649.21,7217.96,88,2025,18.777,0,99.99,4078.5,,,99.98,2048,,,99.63,4096,26.85,21.284,99.68,4096,23,15.839,8.5,184,7.47,7.08,6.89,0.06,82.47,0,10.01,0,0,7.51,4193227.75,6067735.75,1361360.5,17.47,102051.75,1877135.75,2949596,37.85,1964642,1318432.75,195.5,1.5,0,9.4,0,6.21,0,0.83,0.06,1.5,0,1.5,0,0,18.8,0,0.07,1837.47,144664,2988,105231.69,0,16569.76,24845.73,18613.84,23149.17,0,0,0,0,N/A,N/A,N/A,N/A,0.2,170.47,0.28,0.3,0.29,0.13,3.53,0,3.32,0,0,93.14,4089763.2,6071080.27,1362497.6,17.48,111983.73,1972432.8,5057284.27,64.9,2298796.53,1092082.4,148.8,1.28,0,7.33,0,5.71,0,0.93,0.04,1.28,0,1.28,0,0,14.66,0,0.07,11241.02,143138.6,2026.67,105768.13,0,11423.84,5715.92,11920.6,11118.98,0,0,0,0,,,,,0.2,165.8,0.07,0.09,0.09,0.07,3.19,0,0.35,0.04,0,96.42,729840.53,2040416,1425620.8,37.66,95077.33,1342999.2,2808776,74.2,1878674.13,941925.07,9172.27,3.22,0.03,487.86,0,149.45,0,2.31,0.13,3.22,0.01,3.21,0,0.06,975.75,0,0.12,1128.4,67572.4,1213.87,63135.27,0,843.32,454.48,5365.8,31.11,0,0,0,0,0.4,680.8,1.1,1.17,1.22,0,10.8,0,3.86,0,0,85.34,2533570.93,4536460.27,2894785.07,37.15,100601.6,2002770.93,5514871.73,70.77,3535342.4,1376717.33,215.73,1.36,0,8.04,0,5.93,0,0.78,0.06,1.36,0,1.36,0,0,16.14,0,0.8,5840.84,141653.67,1619.2,105078.4,0,7480.29,6187.32,6094.18,6807.93,0,0,0,0,0.07,680.07,0.81,0.89,0.99,0.07,11.24,0,3.99,0,0,84.76,2621057.87,4544063.47,2885688,37.03,24275.73,2001831.2,5492836,70.48,3523650.4,1302078.4,200,1.36,0,8.06,0,5.91,0,0.81,0.05,1.36,0,1.36,0,0,16.11,0,0.8,5709.53,141623.47,1610.67,105057.73,0,7346.66,6136.28,6046.99,6760.5,0,0,0,0
Passthrough HTTP/2(over TLS) service (h2 -> h1c),2G,100,50,0,HTTP2 Request,9272264,0,0,15463.7,6.24,96,3.17,0,215,8,10,11,13,15,23,1917.86,0,99.56,2046,15.696,0,99.99,4090,,,99.96,2048,,,99.26,4096,14.95,4706.503,99.27,4096,14.45,3982.425,6.31,184.19,7.16,6.77,6.32,0,67.61,0,22.14,0,0.01,10.25,4581324.5,6467357,965705.5,12.39,105934,1884985.25,2945248.75,37.8,1593828.5,1307807,165,1.56,0,11.87,0,6.29,0,0.74,0.06,1.56,0,1.56,0,0,23.74,0,1.49,16430.06,146662.25,1358,103587.12,0,56934.44,58126.46,7517.12,9111.37,0,0,0,0,N/A,N/A,N/A,N/A,0.56,170.56,0.33,0.35,0.39,0.19,4.45,0,3.68,0,0.01,91.86,4032153.5,6020411.5,1414830.25,18.16,115677.75,1975080,5050755,64.81,2357512.75,1092609.75,167.25,1.71,0,9.61,0,5.71,0,0.92,0.05,1.71,0,1.71,0,0,19.22,0,0.54,11363.66,145244.12,1124,104890.81,0,15402.78,14208.3,4455.71,2927.59,0,0,0,0,,,,,0.31,166.69,0.2,0.19,0.18,0.06,8.22,0,0.83,0.12,0.01,90.83,583153.5,2054204.75,1430877.75,37.8,60841.5,1555987,2809453.25,74.22,1888031.5,1116137,22254.5,7.44,0,1486.25,0,195.25,0,2.92,0.35,7.44,0,7.44,0,0.01,2972.51,0,0.3,2172.55,13315.06,1214,28095.81,0,1848.74,1101.4,13205.28,74.74,0,0,0,0,3.81,620.31,2.72,3.51,4.47,0,25.2,0,15.16,0,0,59.63,2605053.75,4770058.75,2660598.75,34.14,117730.25,2142202.5,5144276.5,66.01,3514401.5,1327359.25,251,2.29,0,14.51,0,6.04,0,0.85,0.07,2.29,0,2.29,0,0,29.02,0,1.06,42973.99,144005.25,1304,105569.56,0,22053.54,22436.47,2376.4,8960.51,0,0,0,0,5.56,622.44,3.63,4.68,5.92,0,25.58,0,14.94,0,0,59.47,2698391.25,4785566,2643381.25,33.92,42098.25,2141204.75,5161207.5,66.23,3420104.75,1327383,292.5,2.39,0,14.83,0,6.04,0,0.76,0.07,2.39,0,2.39,0,0,29.66,0,1.04,41799.12,144034.06,1288,105587.56,0,21707.33,22075.33,2339.3,8820.81,0,0,0,0
Passthrough HTTP/2(over TLS) service (h2 -> h1c),2G,100,1024,0,HTTP2 Request,8804103,0,0,14681.65,6.46,94,3.15,0,220,8,10,12,14,15,38,1849.54,0,99.57,2046,15.698,0,99.99,4090,,,99.93,2048,,,99.29,4096,10.747,1380.98,99.28,4096,13.2,2172.232,5.25,184.69,6.82,6.72,6.6,0,66.29,0.11,22.76,0,0.01,10.83,4559493.25,6446203.25,987141.5,12.67,106270.75,1885283,2948809,37.84,1609428,1314530,1387,2.33,0.15,191.38,0,21.4,0,1.02,0.11,2.33,0.01,2.32,0,0.31,382.77,0,0.52,17081.73,146832.56,1372,103608.12,0,54115.09,54503.75,32945.48,34372.02,0,0,0,0,N/A,N/A,N/A,N/A,0.4,170.67,0.41,0.38,0.36,0,4.99,0,4.47,0,0.01,90.52,3981170.67,5970134.4,1465407.47,18.8,115997.87,1975481.33,5052825.07,64.84,2408037.33,1092889.07,128.27,1.23,0,6.93,0,5.64,0,0.9,0.06,1.23,0,1.23,0,0,13.87,0,0.06,16255.83,145403.53,1113.6,104893.2,0,13935.96,13926.73,17565.38,16142.86,0,0,0,0,,,,,0.87,165.13,0.27,0.27,0.22,0.2,12.66,0,1.36,0.09,0.01,85.88,910046.93,1986964.53,1505625.87,39.77,57416,1172701.07,2801160,74,1859799.73,832378.4,16937.33,6.5,0.01,1278.46,0,196.42,0,2.75,0.28,6.5,0,6.49,0,0.03,2556.93,0,0.13,1523.37,11072.67,1190.4,25796.47,0,3581.58,1799.69,26361.98,119.59,0,0,0,0,5.47,665.6,5.12,4.26,4.06,0,34.96,0,15.55,0,0,49.48,2289820,4455881.6,2974652.53,38.17,118025.6,2142915.2,5478774.93,70.3,3823482.13,1327950.93,212.53,1.85,0,10.65,0,5.98,0,0.85,0.06,1.85,0,1.85,0,0,21.3,0,0.8,40985.32,144121,1312,105591.07,0,22279.87,22986,9089.31,22325.99,0,0,0,0,10.13,667.27,5.54,4.91,4.94,0,36.15,0,15.79,0,0,48.04,2364062.93,4452173.6,2976742.93,38.2,42384.53,2141915.47,5491580.53,70.47,3751276.27,1327970.13,200.27,1.87,0,11.07,0,6.16,0,0.8,0.06,1.87,0,1.87,0,0,22.13,0,0.8,39295.11,144152,1320.53,105611,0,21785.36,22468.24,8900.84,21866.51,0,0,0,0
Passthrough HTTP/2(over TLS) service (h2 -> h1c),2G,300,50,0,HTTP2 Request,9436711,0,0,15737.06,18.54,291,7.68,0,232,23,28,32,36,39,79,1951.76,0,99.01,2043.5,16.177,0,99.99,4090.5,,,99.96,2048,,,99.17,4096,14.55,4127.382,99.19,4096,12.15,651.245,6.19,183.56,5.97,6.05,6.3,0.06,66.89,0,22.05,0,0,11.06,4566033.5,6454222.5,978714,12.56,106705.75,1885543,2936537.5,37.68,1537412.25,1378129,202.25,1.57,0,12.02,0,6.35,0,0.76,0.05,1.57,0,1.57,0,0,24.04,0,1.47,7109.48,147027.94,1754,104005.69,0,58222.01,63933.88,7683.61,9592.85,0,0,0,0,N/A,N/A,N/A,N/A,0.25,170.38,0.37,0.36,0.36,0.06,4.52,0.07,3.94,0.01,0.01,91.45,4024849.25,6015308.5,1419419.5,18.21,116410,1975769.75,5057774,64.9,2306901.25,1148512.5,4845.5,2.54,0.14,189.43,0,29.5,0,1.53,0.11,2.54,0,2.54,0,0.28,378.87,0,0.92,7252.16,145607.38,1334,105103.62,0,20087.16,14506.07,4822.88,2988.76,0,0,0,0,,,,,0.56,165.5,0.19,0.22,0.23,0,8.12,0,0.84,0.19,0.01,90.83,819654.25,2059862.25,1430500,37.79,57854.5,1333221.25,2806140,74.13,1807930.25,970006,20267.5,8.91,0.02,1771.07,0,191.48,0.02,3.32,0.49,8.91,0,8.91,0,0.03,3542.15,0,0.35,2736.38,11693.94,1210,26393.5,0,1911.62,1151.32,13637.47,78.12,0,0,0,0,6.12,1582.06,5.09,4.79,4.52,0.06,27.61,0,15.37,0,0,57.02,2266394,4433590.5,2989011.75,38.35,118345.25,2143720.5,6412700.75,82.29,3800971.5,1328627.25,197.5,1.64,0,9.68,0,6.02,0,0.9,0.05,1.64,0,1.64,0,0,19.37,0,2.09,36568.47,144226.06,1694,105773.06,0,22568.55,22887.51,2430.04,9195.55,0,0,0,0,11.94,1585,7.03,6.59,5.9,0.06,29.54,0,15.72,0,0,54.74,2335823.5,4425218,2995306.5,38.44,42681.25,2142863.25,6432798.75,82.55,3730801.25,1328791,196,2.44,0,15.14,0,6.08,0,0.79,0.07,2.44,0,2.44,0,0,30.27,0,2.09,35236.09,144261.06,1696,105798.12,0,22393.68,22705,2410.84,9120.7,0,0,0,0
Passthrough HTTP/2(over TLS) service (h2 -> h1c),2G,300,1024,0,HTTP2 Request,9047107,0,0,15086.11,18.89,284,7.83,0,148,23,29,32,37,41,70,1900.5,0,99.07,2043,16.205,0,99.99,4089.5,,,99.93,2048,,,99.11,4096,13.75,2968.434,99.12,4096,12.7,1448.155,5.5,184.56,6.28,6.14,6.17,0,66.6,0,22.87,0,0.01,10.52,4522730.75,6411636.5,1021295,13.1,107029.5,1885963.75,2939750.25,37.72,1580297.25,1378432.5,193.25,1.42,0,11.1,0,6.51,0,0.79,0.05,1.42,0,1.42,0,0,22.2,0,0.75,7196.89,147181.69,1732,103988,0,55772.81,56246.68,33893.31,35402.95,0,0,0,0,N/A,N/A,N/A,N/A,0.4,170.47,0.4,0.37,0.36,0.07,4.49,0,3.93,0,0.01,91.57,3984950.13,5976152.27,1458378.93,18.71,116737.87,1976116.8,5052816,64.84,2328027.73,1167220.53,184.53,1.39,0,7.74,0,5.6,0,0.92,0.05,1.39,0,1.39,0,0,15.47,0,0.39,8000.22,145782.8,1350.4,105118,0,14333.06,14180.04,17883.25,16435.22,0,0,0,0,,,,,0.67,166.53,0.25,0.23,0.19,0.13,12.06,0,1.34,0.1,0.01,86.49,941465.07,2004260.53,1490354.4,39.37,55125.6,1162870.13,2815303.47,74.37,1883978.13,780366.13,18496,6.87,0.04,1360.29,0,197.49,0.01,2.99,0.32,6.87,0.01,6.86,0,0.07,2720.57,0,0.18,2977.71,9725.2,1201.07,24916.73,0,3702.57,1918.7,26966.98,127.39,0,0,0,0,22.4,1621.93,8.85,7.35,5.97,0,38.9,0,16.31,0,0.01,44.78,2152369.33,4320834.4,3101518.93,39.8,118638.93,2144564.53,6458897.07,82.88,3911350.13,1329351.73,209.07,1.71,0,10.16,0,6.05,0,0.88,0.07,1.71,0,1.71,0,0,20.33,0,1.91,33675.61,144332.33,1702.4,105779.67,0,22524.46,23255.94,9197.65,22607.88,0,0,0,0,25.53,1623.67,10.56,9.19,7.63,0,40.09,0,16.56,0,0,43.35,2214847.73,4305141.07,3114936,39.97,42958.4,2143530.13,6476107.2,83.1,3848520.53,1329337.87,196,1.71,0,10.3,0,6.13,0,0.85,0.06,1.71,0,1.71,0,0,20.59,0,1.91,32987.84,144366.93,1702.4,105803.53,0,22429.91,23152.79,9156.28,22505.59,0,0,0,0
Passthrough HTTP/2(over TLS) service (h2 -> h1c),2G,1000,50,0,HTTP2 Request,8758923,0,0,14598.76,67.74,988,22.07,0,655,80,95,105,120,132,193,1810.59,0,97.01,2038.5,17.253,0,99.99,4088.5,,,99.96,2048,,,98.88,4096,16,6226.782,98.91,4096,14.05,3403.305,5.44,184,5.61,5.67,5.89,0,67.06,0,24.17,0,0,8.77,4422627,6313252.75,1115712.75,14.32,107334,1886250.5,2944029,37.78,1674034,1378600.5,156.75,1.41,0,8.13,0,5.91,0,0.72,0.06,1.41,0,1.41,0,0,16.25,0,0.06,3659.16,147333,3026,105298.56,0,55224.62,70292.97,7279.58,9668.04,0,0,0,0,N/A,N/A,N/A,N/A,0.2,171.13,0.36,0.37,0.36,0.07,4.67,0,7.21,0,0.01,88.11,3940401.07,5932881.33,1499961.87,19.25,117035.47,1976705.33,5054492,64.86,2369558.67,1167674.67,188,1.13,0,6.29,0,5.6,0,0.93,0.05,1.13,0,1.13,0,0,12.58,0,0.06,10470.29,145950.8,1998.93,105823.6,0,28451.34,14261.83,5294.59,2938.06,0,0,0,0,,,,,0.2,172.8,0.19,0.23,0.21,0.07,7.8,0,0.88,0.11,0.01,91.2,872376.27,1984808,1509308,39.87,53418.4,1213609.33,2820352.53,74.51,1926831.47,805405.87,26532,6.94,0.52,1322.72,0,190.17,0.01,2.82,0.3,6.94,0.01,6.93,0,1.05,2645.45,0,0.18,2792.86,9393.47,1209.6,24584.93,0,2047.51,1141.37,13434.72,77.31,0,0,0,0,14.67,5120.33,9.03,8.26,7.43,0.07,30.11,0,16.69,0,0,53.19,1440466.13,3610567.47,3778872,48.49,118938.4,2145460.53,10068950.4,129.21,4425948.53,1329976.8,176.53,1.23,0.01,7.38,0,6,0,0.97,0.05,1.23,0,1.23,0,0.02,14.76,0,5.71,37777.84,144467.07,3112.53,106500.93,0,23408.34,23048.08,2486.92,9117.89,0,0,0,0,32.47,5121.33,6.81,7.85,8.32,0,32.09,0,17.08,0,0,50.82,1505181.07,3596799.2,3790628.8,48.64,43248.27,2144317.33,10078238.13,129.33,4363883.2,1329994.67,210.93,1.65,0,9.6,0,5.97,0,0.79,0.06,1.65,0,1.65,0,0,19.2,0,5.63,36356.95,144470.33,3099.73,106501.27,0,23212.53,22822.28,2464.69,9026.45,0,0,0,0
Passthrough HTTP/2(over TLS) service (h2 -> h1c),2G,1000,1024,0,HTTP2 Request,8441457,0,0,14069.38,69.5,977,23.11,0,613,82,98,109,124,138,198,1772.41,0,97.18,2037.5,17.242,0,99.99,4087.5,,,99.93,2048,,,98.71,4096,12.75,1520.28,98.72,4096,12.55,1231.073,6.69,185,5.49,5.4,5.57,0,66.54,0,24.31,0,0.01,9.14,4425896.75,6317148.75,1112001.75,14.27,107619,1886548.25,2941284,37.74,1670031,1378781.75,167.75,1.53,0,11.83,0,6.4,0,0.77,0.06,1.53,0,1.53,0,0,23.66,0,1.47,4099.39,147484.12,2954,105227.81,0,52795.69,64301.37,31813.11,34098.5,0,0,0,0,N/A,N/A,N/A,N/A,0.4,170.87,0.53,0.49,0.42,0,4.95,0,6.35,0,0.01,88.69,4012357.6,6005433.87,1427012.8,18.31,117304.8,1976969.6,5053816,64.85,2296410.93,1167822.13,203.2,1.39,0,7.73,0,5.57,0,0.97,0.04,1.39,0,1.39,0,0,15.47,0,0.39,13641.91,146106.8,1979.73,105782.93,0,24932.74,13230.21,17422.17,15330.75,0,0,0,0,,,,,0.4,176.47,0.2,0.21,0.19,0,11.6,0,1.33,0.1,0.01,86.96,901101.07,1980783.2,1513881.07,39.99,53185.87,1181784.8,2829368,74.74,1952940,751434.13,18710.67,7.07,0,1326.94,0,187.79,0.01,2.86,0.31,7.07,0,7.07,0,0,2653.88,0,0.32,2997.86,9221.53,1205.33,24535.73,0,3527.8,1805.79,25184.11,119.99,0,0,0,0,13.53,4959.47,12.21,11.22,9.62,0.13,38.8,0,16.3,0,0,44.89,1491550.67,3662829.87,3728291.73,47.84,119217.07,2146335.47,9899056,127.03,4384933.33,1330677.33,192.27,1.73,0,10.2,0,6.06,0,0.93,0.06,1.73,0,1.73,0,0,20.4,0,5.79,32519.02,144592.13,3031.47,106484.6,0,21151.81,22046.33,8688.81,21178.22,0,0,0,0,10.67,4960.67,18.42,14.48,11.08,0,40.42,0,16.73,0,0,42.84,1531368.8,3624331.2,3764601.33,48.31,43512.53,2145326.13,9907453.87,127.13,4344728.53,1330884.8,261.87,1.74,0,10.27,0,6.05,0,0.79,0.06,1.74,0,1.74,0,0,20.54,0,5.87,31587.8,144579.33,3014.4,106470.27,0,20946.39,21824.89,8604.3,20965.67,0,0,0,0
Passthrough HTTP/2(over TLS) service (h2 -> h1),2G,100,50,0,HTTP2 Request,8407165,0,0,14020.45,6.93,97,3.24,0,118,9,11,12,14,16,24,1738.86,0,99.55,2045.5,15.435,0,99.99,4089,,,99.96,2048,,,99.34,4096,12.35,941.159,99.34,4096,15,4778.628,5.94,183.94,6.84,6.37,5.87,0,69.17,0,20.26,0,0.01,10.57,4602727,6483605,949309.25,12.18,104121.5,1882185.25,2935426.25,37.67,1568003.5,1312663.5,197.5,1.53,0,11.84,0,6.37,0,0.75,0.05,1.53,0,1.53,0,0,23.68,0,1.47,15270.4,145745.19,1356,103594.06,0,51441.57,52544.03,7156.05,8597.48,0,0,0,0,N/A,N/A,N/A,N/A,0.81,169.81,0.43,0.44,0.47,0.06,6.83,0,3.85,0,0.01,89.31,4028541,6014855.25,1420979,18.23,113956.5,1975062.5,5051770,64.83,2361646.5,1093346.75,183.75,1.5,0,11.05,0,6.05,0,0.95,0.05,1.5,0,1.5,0,0,22.1,0,0.54,11894.95,144273.25,1146,104891.06,0,13942.91,12842,4391.72,3009.85,0,0,0,0,,,,,0.31,163.69,0.14,0.17,0.22,0.06,7.47,0,0.73,0.15,0.01,91.65,986086.75,2029363.25,1457466.25,38.5,62965.25,1128012.25,2807523.5,74.17,1847873.75,756911,19584.5,7.46,0.12,1520.07,0,194.23,0.01,2.77,0.39,7.46,0.01,7.45,0,0.23,3040.14,0,0.25,2055.23,14839.94,1202,29478.06,0,1628.29,966.51,11941,65.69,0,0,0,0,4.25,651.19,3.24,7.46,10.26,0.06,22.15,0,13.41,0,0,64.43,2455686.25,4613191.5,2817305.75,36.15,116002,2136884.75,5447491.5,69.9,3667900,1322807,154.75,2.24,0,14.16,0,6.05,0,0.87,0.07,2.24,0,2.24,0,0,28.33,0,1.03,39419.34,143370,1306,105585.94,0,19958.23,20295.03,2150.92,8109.93,0,0,0,0,3.56,652.31,2.96,7.9,12.38,0.06,22.79,0,13.4,0,0,63.8,2683505,4616827.25,2812766,36.09,26704,2009306.75,5466224,70.14,3463067.75,1306243.5,197.25,2.35,0,14.82,0,6.02,0,0.83,0.06,2.35,0,2.35,0,0,29.65,0,1.03,38667.42,142374.12,1324,104667.19,0,19598.47,19923.14,2113.17,7971.5,0,0,0,0
Passthrough HTTP/2(over TLS) service (h2 -> h1),2G,100,1024,0,HTTP2 Request,6826005,0,0,11383.94,8.51,96,3.59,0,214,10,13,15,17,19,38,1434.11,0,99.59,2045,15.522,0,99.99,4085.5,,,99.94,2048,,,99.44,4096,11.85,217.082,99.45,4096,12.4,1013.284,7.44,184.19,7.09,6.93,6.54,0,72.79,0,18.05,0,0,9.15,4551922.25,6433565,999530.25,12.82,104436.5,1882595.5,2946152,37.81,1622698.75,1308985.75,167.5,1.5,0,11.68,0,6.3,0,0.77,0.06,1.5,0,1.5,0,0,23.37,0,0.14,16526.19,145898.06,1350,103591.56,0,41818.13,42128.12,25757.07,26861.94,0,0,0,0,N/A,N/A,N/A,N/A,0.6,170.47,0.33,0.35,0.39,0.07,5.55,0,3.09,0,0,91.35,4010154.93,5997346.93,1438481.87,18.46,114236.8,1975701.87,5059476,64.92,2379014.13,1093859.73,150.93,1.29,0,7.35,0,5.68,0,0.9,0.05,1.29,0,1.29,0,0.01,14.7,0,0.07,20183.59,144434.53,1124.27,104890.87,0,10734.28,10725.83,13830.33,12736.19,0,0,0,0,,,,,0.27,164.47,0.17,0.19,0.19,0.13,9.32,0,1.04,0.08,0.01,89.56,957641.33,1987420,1499570.4,39.61,63410.4,1114165.6,2805051.2,74.1,1909435.73,723971.47,12884.8,6.05,0.24,1025.51,0,170.1,0,2.46,0.26,6.05,0.02,6.03,0,0.47,2051.03,0,0.2,1079.53,15489.73,1205.33,30116.33,0,2757.32,1378.49,20286.25,91.8,0,0,0,0,3.8,662.87,2.9,2.87,5.24,0.07,26.45,0,12,0,0.01,61.55,2339645.33,4498547.47,2932271.2,37.63,116292.53,2137838.93,5467451.47,70.16,3778277.6,1323631.2,136.27,1.68,0,9.96,0,5.98,0,0.81,0.06,1.68,0,1.68,0,0,19.91,0,0.8,32989.61,143480.07,1337.6,105591.73,0,17070.62,17608.37,6964.08,17104.65,0,0,0,0,5.2,663.27,2.56,2.61,5.82,0.07,26.79,0,11.9,0,0,61.3,2566881.87,4501346.4,2928041.6,37.57,26998.4,2010163.2,5475062.4,70.26,3574154.93,1306981.07,148.8,1.84,0,10.81,0,6.08,0,0.8,0.07,1.84,0,1.84,0,0,21.62,0,0.8,32679.35,142480.27,1297.07,104668.6,0,16820.07,17351.44,6875.3,16890.52,0,0,0,0
Passthrough HTTP/2(over TLS) service (h2 -> h1),2G,300,50,0,HTTP2 Request,8702514,0,0,14511.86,20.19,292,8.15,0,123,25,30,34,39,43,79,1799.81,0,98.97,2042,16.976,0,99.99,4088.5,,,99.96,2048,,,99.24,4096,13.45,2534.271,99.25,4096,13.9,3185.516,5.81,183.81,6.2,6.35,6.5,0,69.62,0,20.66,0,0.01,9.71,4558581.25,6441074,991787.5,12.73,104724.25,1882975.75,2941173.25,37.74,1614433.25,1309251.5,197.75,1.54,0,11.74,0,6.29,0,0.77,0.05,1.54,0,1.54,0,0,23.48,0,1.49,6678.65,146051.19,1736,103966.62,0,53255.05,60723.17,7404.56,9292.8,0,0,0,0,N/A,N/A,N/A,N/A,0.25,169.88,0.44,0.42,0.4,0.06,7.18,0,4.27,0,0.01,88.54,4020935.5,6008700,1426738.25,18.31,114518.5,1976084.75,5052484,64.83,2367325,1094117.75,184.25,1.63,0,11.92,0,5.95,0,0.94,0.05,1.63,0,1.63,0,0,23.84,0,0.54,10724.48,144595.25,1354,105074.69,0,20537.21,13265.43,4922.78,3109.13,0,0,0,0,,,,,0.19,164.19,0.18,0.17,0.18,0.12,7.79,0,0.81,0.24,0.01,91.15,809677.25,2063586,1420176.25,37.52,63877.25,1334694,2656848.75,70.18,1850236,925002,14221.75,9.77,0.01,2096.27,0,195.4,0.03,3.19,0.58,9.77,0,9.77,0,0.02,4192.55,0,0.26,2469.1,15652.75,1188,30269.19,0,1749.95,1054.31,12465.72,71.49,0,0,0,0,4.88,1582.56,6.37,5.29,4.93,0.06,25.31,0,14.25,0,0,60.43,2288992,4448886.75,2973747.25,38.16,116589,2138486,6412237.5,82.29,3783214.75,1324157.5,205.5,2.4,0,15.11,0,6.08,0,0.83,0.07,2.4,0,2.4,0,0,30.22,0,2.09,34063.48,143583.75,1700,105772.69,0,20710.13,20965.89,2228.08,8418.06,0,0,0,0,12.06,1586,5.96,5.23,5.11,0,27.02,0.07,14.75,0.02,0,58.13,2357289.25,4429940,2991000.75,38.38,40040.5,2129510.25,6421482,82.4,3716119.5,1323076.25,220.5,4.62,2.58,311.6,0,13.19,0,0.89,0.23,4.62,0.16,4.47,0,5.16,623.2,0,2.7,33179.24,143545.25,1694,105729.44,0,20554.8,20772.4,2256.12,8339.37,0,0,0,0
Passthrough HTTP/2(over TLS) service (h2 -> h1),2G,300,1024,0,HTTP2 Request,7043788,0,0,11745.56,24.83,291,9.21,0,174,30,37,41,47,51,73,1479.67,0,99.06,2041.5,17.491,0,99.99,4086,,,99.94,2048,,,99.33,4096,11.95,362.039,99.33,4096,12.55,1231.073,6.81,184.38,6.54,6.33,6.34,0,74.27,0,17.63,0,0.01,8.09,4519898.5,6403192.25,1029449.5,13.21,105035.25,1883625.25,2941788,37.75,1652773.75,1309782.5,154,1.51,0,11.57,0,6.28,0,0.75,0.05,1.51,0,1.51,0,0,23.13,0,0.14,6784,146203.25,1728,103951.75,0,43195.98,43983.33,26558,27756.02,0,0,0,0,N/A,N/A,N/A,N/A,0.27,170.93,0.47,0.43,0.39,0.07,7.03,0,4.66,0,0.01,88.3,3993508.53,5981861.07,1453241.07,18.65,114820.27,1976453.07,5057232,64.9,2394603.2,1094350.13,173.33,1.31,0,7.34,0,5.62,0,0.96,0.04,1.31,0,1.31,0,0.01,14.72,0,0.07,19927.88,144758.47,1331.2,105084.33,0,11589.92,11048.19,14272.3,13117.68,0,0,0,0,,,,,0.4,165.87,0.21,0.2,0.19,0.07,9.11,0,1.02,0.08,0.01,89.77,806380.8,1997121.07,1490611.47,39.38,61971.2,1277277.07,2806868.8,74.15,1897347.73,888456.8,14697.6,5.78,0.17,1102.71,0,190.53,0,2.67,0.26,5.78,0.02,5.77,0,0.33,2205.43,0,0.13,2514.26,13815.67,1207.47,28528.27,0,2884.15,1502.6,21034.21,99.85,0,0,0,0,7.4,1628.6,6.19,6.01,5.67,0,30.88,0,13.14,0,0,55.97,2141132.53,4302254.13,3120435.47,40.04,116888,2139387.73,6462494.13,82.93,3926956.27,1324926.13,191.2,1.62,0,9.61,0,5.99,0,0.9,0.06,1.62,0,1.62,0,0,19.21,0,1.91,27822.77,143692.93,1704.53,105783.47,0,17553.93,18114.5,7166.86,17612.63,0,0,0,0,5.47,1629.33,7.22,6.76,6.14,0.07,30.8,0,12.86,0,0,56.33,2241128,4324027.73,3096564.53,39.74,41186.67,2138299.2,6471400.27,83.05,3826956.53,1324857.87,187.2,1.74,0,10.4,0,6.14,0,0.82,0.06,1.74,0,1.74,0,0,20.8,0,1.91,27285.29,143722.13,1708.8,105801.13,0,17469.07,18024.36,7132.26,17527.57,0,0,0,0
Passthrough HTTP/2(over TLS) service (h2 -> h1),2G,1000,50,0,HTTP2 Request,7952118,0,0,13257.46,74.91,993,23.53,0,550,88,105,116,130,143,200,1644.24,0,97.05,2032,21.3,0,99.99,4085.5,,,99.96,2048,,,99.03,4096,15.5,5502.705,99.06,4096,11.75,72.125,5.62,184.38,5.64,5.89,6.14,0,70.14,0,21.52,0,0,8.33,4432822.5,6318213,1110945,14.26,105332.5,1884148.75,2939261,37.72,1734074,1310189.25,157.5,1.54,0,11.77,0,6.36,0,0.8,0.05,1.54,0,1.54,0,0,23.54,0,1.47,3732.9,146357.62,3062,105277.5,0,48735.05,62363.8,6766.63,8897.31,0,0,0,0,N/A,N/A,N/A,N/A,0.56,170.38,0.56,0.53,0.46,0.12,7.39,0,7.32,0,0.01,85.28,4010208.5,5999656,1434070.5,18.4,115099.25,1976788,5050748.5,64.81,2375708,1094553.5,177.5,1.64,0,11.67,0,5.89,0,0.93,0.05,1.64,0,1.64,0,0,23.34,0,0.54,15297.29,144921.25,2006,105731.44,0,23908.2,11963.17,4781.62,2804.16,0,0,0,0,,,,,0.69,167.44,0.12,0.15,0.16,0.06,6.94,0,0.76,0.18,0.01,92.11,711334,2043565.25,1442053.5,38.09,62366.5,1416289.25,2811588.75,74.27,1871860,1006195.5,17920,8.36,0.07,1746.03,0,192.38,0.02,3.13,0.45,8.36,0.01,8.35,0,0.13,3492.06,0,0.27,2419.74,14436,1220,29124.56,0,1708.07,956.84,11258.73,64.94,0,0,0,0,7.69,4861.12,4.15,5,5.45,0,25.37,0,14.2,0,0,60.43,1693815,3856532.5,3535560,45.37,117178.75,2140356.5,9797211.25,125.72,4193108.5,1325769,202.5,2,0,12.97,0,6.07,0,0.86,0.06,2,0,2,0,0,25.93,0,5.73,33756.7,143804,2994,106435.88,0,19812.27,19332.88,2098.49,7646.03,0,0,0,0,6.75,4863.31,4.06,4.45,5.18,0.06,26.44,0,14.37,0,0,59.18,1764125.25,3848669,3541322.5,45.44,41511.25,2139339.75,9810184.25,125.88,4122871.75,1325773.5,190.25,1.69,0,10.24,0,6.08,0,0.81,0.06,1.69,0,1.69,0,0,20.48,0,5.74,32833.13,143829.5,2988,106450.19,0,19588.79,19137.26,2076.32,7571.9,0,0,0,0
Passthrough HTTP/2(over TLS) service (h2 -> h1),2G,1000,1024,0,HTTP2 Request,6643920,0,0,11076.43,89.22,988,27.05,1,409,105,124,137,153,166,214,1395.37,0,97.16,2032,21.319,0,99.99,4082.5,,,99.94,2048,,,99.01,4096,11.3,579.12,99.02,4096,11,1013.991,6.81,184.06,5.81,5.72,5.82,0,73.65,0,18.45,0,0,7.89,4378926.25,6265010.5,1164201.75,14.94,105645,1884504.5,2952058.5,37.88,1786440.25,1310420,164.5,1.55,0,11.94,0,6.3,0,0.76,0.05,1.55,0,1.55,0,0,23.89,0,0.14,3892.56,146510.75,2994,105219,0,40486.56,50238.61,24660.81,26453.23,0,0,0,0,N/A,N/A,N/A,N/A,0.67,171.2,0.42,0.43,0.45,0.07,6.4,0,5.57,0,0.01,88.02,3996652.8,5986821.33,1446275.47,18.56,115382.4,1977155.47,5059492,64.92,2387370.13,1094797.6,176,1.33,0,7.53,0,5.66,0,0.9,0.05,1.33,0,1.33,0,0,15.05,0,0.07,19302.94,145080.4,2016,105756.13,0,20328.49,10261.52,13862.47,12179.31,0,0,0,0,,,,,0.67,169.33,0.18,0.16,0.15,0,9,0,1.01,0.08,0.01,89.9,779249.33,2020069.33,1468071.47,38.78,60715.73,1328903.2,2813314.13,74.32,1914744.53,899846.4,13516,5.7,0.07,1048.04,0,183.24,0,2.65,0.25,5.7,0.01,5.69,0,0.13,2096.09,0,0.16,2269.44,13025,1209.6,27857.87,0,2735.73,1397.43,19545.6,92.93,0,0,0,0,7.2,5020.4,6.24,5.66,5.29,0.07,29.92,0,12.7,0,0,57.37,1566237.07,3730319.47,3660608.8,46.97,117452.8,2141509.6,9962983.2,127.84,4312069.87,1326797.6,170.4,1.63,0,9.63,0,6,0,0.86,0.07,1.63,0,1.63,0,0,19.27,0,5.8,26265.4,143904.07,3052.8,106457.47,0,16400.49,17096.94,6727.01,16410.25,0,0,0,0,10.4,5017.73,8.57,8.23,6.93,0.07,31.45,0,13.11,0,0,55.44,1627001.6,3713061.07,3675843.73,47.17,41804.53,2140386.13,9970871.73,127.94,4251248,1326695.73,218.4,1.41,0,8.47,0,6.07,0,0.79,0.06,1.41,0,1.41,0,0,16.93,0,5.79,25771.91,143939.07,3031.47,106481.2,0,16266.37,16957.44,6672.42,16279.31,0,0,0,0
HTTP/2 client and server downgrade service (h2 -> h2),2G,100,50,0,HTTP Request,10333403,0,0,17220.53,5.76,99,3.13,0,216,7,9,11,12,14,21,3262.48,3918.34,99.57,2045.5,15.936,0,99.99,4090.5,,,99.96,2048,,,99.22,4096,13.9,3041.266,99.2,4096,14.5,3910.3,6.12,184.62,7.23,6.73,6.17,0,70.61,0,19.07,0,0.01,10.32,4558819.5,6449527,983896,12.63,107928,1886828.75,2943904,37.78,1545017.75,1378852.75,153.5,1.51,0,8.91,0,5.93,0,0.74,0.05,1.51,0,1.51,0,0,17.83,0,0.07,17078.77,147638.75,1392,103633.44,0,31678.62,32681.02,9006.35,9781.29,0,0,0,0,N/A,N/A,N/A,N/A,0.6,169.93,0.53,0.51,0.47,0,7.34,0,4.36,0,0.01,88.29,3935681.07,5931743.2,1503145.33,19.29,117606.13,1979753.6,5059008,64.92,2374123.2,1170451.2,198.13,1.32,0,7.41,0,5.61,0,0.98,0.05,1.32,0,1.32,0,0,14.81,0,0.07,13619.91,146270.47,1154.13,104933.67,0,17637.25,16568.34,5213.94,3883.2,0,0,0,0,,,,,0.2,164.13,0.2,0.19,0.18,0.07,8,0,0.82,0.1,0.01,91.07,782610.93,1985698.13,1507625.33,39.83,53391.73,1303360.53,2804327.73,74.08,1973436.8,846975.73,17257.87,6.35,0.55,1244.79,0,193.45,0.01,3.14,0.3,6.35,0.01,6.34,0,1.09,2489.59,0,0.13,2383.97,9397.47,1203.2,24685.47,0,2136.64,1285.3,15465.17,87.06,0,0,0,0,2.87,230.8,1.62,4.11,7.08,0.13,19.44,0,7.92,0,0,72.64,2387241.87,4559584.8,2873980,36.88,119532.53,2147173.33,5030288,64.55,3744906.93,1331377.87,173.33,1.38,0,8.13,0,5.96,0,0.85,0.06,1.38,0,1.38,0,0,16.27,0,0.13,15176.01,144696.07,1175.47,105575.53,0,8982.25,9416.4,2571.24,10550.7,0,0,0,0,2.53,232.07,1.69,5.57,9.23,0.13,21.07,0,8.24,0,0,70.68,2464180.27,4558061.6,2873911.2,36.88,43820.27,2146069.33,5041609.33,64.69,3669015.73,1331491.2,137.33,1.71,0,9.98,0,5.92,0,0.82,0.06,1.71,0,1.71,0,0,19.97,0,0.29,15192.35,144682.93,1173.33,105558,0,8898.33,9334.22,2547.93,10456.05,0,0,0,0
HTTP/2 client and server downgrade service (h2 -> h2),2G,100,1024,0,HTTP Request,9102465,1,0,15169.74,6.54,99,10.47,0,30029,8,10,12,14,15,24,17332.61,17910.36,99.61,2045.5,16.036,0,99.99,4089,,,99.96,2048,,,99.3,4096,13.3,2172.232,99.28,4096,16.55,6878.735,6.06,184.56,6.71,6.69,6.52,0,69.3,0,20.68,0,0.01,10.01,4564305.25,6455936.75,977494,12.54,108218.5,1887338.25,2944951,37.79,1539143.25,1379225,169.75,1.53,0,11.76,0,6.33,0,0.75,0.05,1.53,0,1.53,0,0,23.53,0,1.47,16509.45,147793.69,1356,103626.62,0,41750.58,41754.72,36042.94,35954.89,0,0,0,0,N/A,N/A,N/A,N/A,0.38,170.69,0.45,0.45,0.46,0.12,8.13,0,4.86,0,0.01,87,3991337.5,5987982.25,1447152.25,18.57,117876.5,1980099,5055012,64.87,2318667.75,1170674,145,1.39,0,10.4,0,6.17,0,0.99,0.06,1.39,0,1.39,0,0,20.8,0,0.54,16368.87,146429.94,1128,104926.25,0,13940.92,13927.8,17577.13,16516.1,0,0,0,0,,,,,0.25,167,0.16,0.18,0.18,0.06,7.38,0,0.72,0.09,0.01,91.8,944447.25,2062729.25,1432014.25,37.83,52913.5,1220421.5,2810151.5,74.24,1919175.75,742424.75,22563,6.06,0.02,1168.92,0,190.57,0,2.86,0.28,6.06,0,6.06,0,0.03,2337.84,0,0.3,1905.17,9239.94,1204,24654.25,0,1735.86,1023.04,13035.97,69.56,0,0,0,0,1.75,225.94,1.67,1.71,3.45,0.12,19.75,0,8.17,0,0,72.08,2693143.25,4866397.25,2567205.5,32.94,119831.5,2147776,4742377.25,60.85,3440702.75,1331866.25,263.5,1.78,0,10.1,0,5.87,0,0.84,0.06,1.78,0,1.78,0,0,20.21,0,0.59,12746.44,144794.44,1158,105557.94,0,14552.7,14917.32,9295.67,16408.46,0,0,0,0,2,227.06,1.47,1.59,4.08,0.06,20.67,0,8.37,0,0,70.95,2752543,4847527.25,2584518.5,33.17,44136,2146754.25,4758215,61.05,3381524.5,1332057,277.5,1.77,0,10.28,0,6,0,0.79,0.06,1.77,0,1.77,0,0,20.56,0,0.59,12576.76,144784.75,1156,105544.25,0,14285.6,14642.76,9149.01,16151.56,0,0,0,0
HTTP/2 client and server downgrade service (h2 -> h2),2G,300,50,0,HTTP Request,10850423,0,0,18082.08,16.53,298,7.13,0,240,20,25,28,32,36,81,3425.71,4114.38,99.06,2043,16.515,0,99.99,4091,,,99.96,2048,,,99.19,4096,13.4,2317.189,99.15,4096,18.9,10.041,5.62,184.12,5.95,6.04,6.29,0.06,68.77,0,18.85,0,0,12.37,4531420,6423598.75,1009388,12.95,108521.25,1887537.25,2950951.5,37.87,1571079.5,1379304,202,1.52,0,11.75,0,6.41,0,0.75,0.06,1.52,0,1.52,0,0,23.5,0,0.14,7562.8,147945.62,1706,103992.62,0,33218.12,37590.65,9424.16,10448.76,0,0,0,0,N/A,N/A,N/A,N/A,0.67,170.93,0.55,0.51,0.48,0.07,7.98,0,4.54,0,0.01,87.46,3936544.27,5933823.47,1500642.4,19.26,118156.8,1980373.6,5058604,64.91,2372481.07,1170816,183.47,1.32,0,7.5,0,5.71,0,0.92,0.05,1.32,0,1.32,0,0,14.99,0,0.07,7875.8,146592.73,1320.53,105122.2,0,20945.37,17036.83,5542.13,3993.04,0,0,0,0,,,,,0.33,165.73,0.19,0.18,0.18,0.13,8.59,0,0.9,0.11,0.01,90.4,684708.27,2000712.53,1491189.6,39.39,53278.4,1415013.6,2804140,74.08,2006113.6,909650.13,20509.6,7.1,0,1438.63,0,202.4,0.01,2.87,0.33,7.1,0,7.1,0,0.01,2877.27,0,0.13,2752.18,9800,1201.07,25221.87,0,2207.61,1330.01,15958.08,90.06,0,0,0,0,1.53,331.07,2.56,2.24,2.52,0.13,22.58,0,8.79,0,0,68.62,2409981.07,4584084.53,2848664.53,36.55,120112,2148365.87,5128278.67,65.81,3719488.27,1332321.33,184.27,1.74,0,10.13,0,6,0,0.88,0.06,1.74,0,1.74,0,0,20.26,0,0.41,13222.49,144915.93,1280,105677.33,0,9648.25,9712.56,2663.99,10851.51,0,0,0,0,5.47,332.4,2.72,2.41,2.85,0.07,23.26,0,8.85,0,0,67.88,2486944.27,4582808.53,2848549.6,36.55,44434.93,2147364.8,5138134.67,65.93,3641206.13,1332534.67,176.53,1.8,0,10.23,0,5.87,0,0.8,0.06,1.8,0,1.8,0,0,20.47,0,0.41,13130.57,144902.47,1275.73,105659.87,0,9483.45,9672.54,2648.01,10822.12,0,0,0,0
HTTP/2 client and server downgrade service (h2 -> h2),2G,300,1024,0,HTTP Request,9503055,0,0,15837.13,18.87,298,7.75,0,222,23,28,32,37,40,78,18095.16,18698.33,99.16,2042.5,16.741,0,99.99,4089.5,,,99.96,2048,,,99.25,4096,16,6082.533,99.24,4096,18.9,10.041,6.19,184,6.14,5.97,6.02,0,69.38,0,20.44,0,0.01,10.17,4535164.25,6428024.5,1004773.25,12.89,108824,1887849.5,2946580.5,37.81,1566668.75,1379500,190.75,1.26,0,7.57,0,6.05,0,0.75,0.05,1.26,0,1.26,0,0,15.14,0,0.06,6831.73,148099,1738,104006.69,0,43679.49,43764.49,37701.93,37608.13,0,0,0,0,N/A,N/A,N/A,N/A,0.33,170.4,0.39,0.37,0.4,0.07,7.52,0,4.17,0,0,88.31,3926857.6,5924881.07,1509900.53,19.37,118449.07,1980726.4,5061784,64.95,2381736.53,1171039.47,177.33,1.11,0,6.45,0,5.79,0,0.97,0.05,1.11,0,1.11,0,0,12.9,0,0.07,8272.22,146757.13,1333.33,105133.2,0,15448.96,15329.49,19371.89,18197.17,0,0,0,0,,,,,0.27,165.67,0.18,0.2,0.18,0,7.95,0,0.83,0.1,0.01,91.12,725673.33,1999300.27,1495827.2,39.52,49524.53,1379551.2,2807860.8,74.17,2027354.93,854605.33,21741.33,6.44,0.02,1246.48,0,192.3,0.01,2.84,0.29,6.44,0,6.43,0,0.04,2492.97,0,0.14,2616.7,8121.67,1207.47,23888.13,0,2005,1196.11,14433.36,81.05,0,0,0,0,4.4,331,2.98,2.64,2.56,0.07,24.4,0,9.45,0,0,66.14,2327536.53,4502770.93,2929961.33,37.6,120386.67,2149206.67,5144814.67,66.02,3799993.87,1333030.13,183.2,1.25,0,7.44,0,5.94,0,0.83,0.06,1.25,0,1.25,0,0,14.88,0,0.23,12066.65,145014.6,1280,105672,0,15965.99,16386.41,10187.32,18012.92,0,0,0,0,3.73,331.87,2.65,2.4,2.53,0,25.36,0,9.83,0,0,64.8,2409138.13,4506212.27,2925129.6,37.54,44735.2,2148079.73,5141239.73,65.97,3718292.27,1333121.07,180.8,1.41,0,8.38,0,6.06,0,0.91,0.06,1.41,0,1.41,0,0,16.77,0,0.24,11895.26,145006.8,1271.47,105660.67,0,15888.31,16306.21,10143.85,17936.66,0,0,0,0
HTTP/2 client and server downgrade service (h2 -> h2),2G,1000,50,0,HTTP Request,9629614,0,0,16044.84,62.24,998,19.34,0,560,73,87,96,107,116,157,3039.74,3650.83,97.49,2035,21.874,0,99.99,4088,,,99.96,2048,,,99.19,4096,23.3,16.263,99.2,4096,25.25,19.021,5.44,184.5,5.41,5.53,5.76,0,68.69,0,22.11,0,0.01,9.2,4484675.75,6379423.75,1049714.75,13.47,109128.5,1888192.25,2939541,37.72,1611222,1379722.5,212,1.62,0,12.22,0,6.3,0,0.78,0.06,1.62,0,1.62,0,0,24.43,0,1.47,4407.48,148252.25,2960,105220.94,0,29402.35,57958.57,8290.58,10789.23,0,0,0,0,N/A,N/A,N/A,N/A,0.75,171.12,0.46,0.44,0.4,0.06,7.24,0,7.5,0,0,85.26,3973671.25,5972496.25,1460405,18.74,118747,1981015.75,5056436,64.88,2332369.25,1171202.5,170.25,1.39,0,10.39,0,6.19,0,0.96,0.05,1.39,0,1.39,0,0,20.77,0,0.55,13185.91,146916.75,1942,105724.19,0,28970.62,14510.45,5436.14,3400.78,0,0,0,0,,,,,0.27,167.47,0.21,0.21,0.18,0.07,7.7,0,0.87,0.1,0.01,91.32,898290.67,2064825.33,1431595.2,37.82,48680.8,1274593.33,2809499.73,74.22,1990219.47,720890.93,22009.07,6.41,0.53,1255.84,0,194.79,0.01,2.98,0.29,6.41,0.01,6.4,0,1.06,2511.69,0,0.26,2821.71,8286.27,1213.87,24039.2,0,2017.9,1161.08,13694.67,78.75,0,0,0,0,1.6,681.13,2.98,2.67,2.57,0.07,21.13,0,8.81,0,0,70.05,2362038.13,4538662.4,2890610.4,37.09,120648.27,2149938.4,5498787.47,70.56,3744118.93,1333636.53,198.67,1.9,0,10.84,0,5.96,0,0.93,0.06,1.9,0,1.9,0,0,21.68,0,1.12,11119.77,145129.47,1602.13,106005.87,0,15184.39,8514.83,2732.54,9334.48,0,0,0,0,1,648.81,3.01,2.98,2.79,0.06,22.11,0,8.97,0,0,68.91,2640917.25,4739246.25,2688764.25,34.5,44999.5,2148928.75,5187837.75,66.57,3467656.75,1333848.5,313.25,1.76,0,10.11,0,5.91,0,0.82,0.06,1.76,0,1.76,0,0,20.22,0,1.06,10736.83,145106.44,1566,105945.75,0,15012.36,8416.08,2702.06,9231.01,0,0,0,0
HTTP/2 client and server downgrade service (h2 -> h2),2G,1000,1024,0,HTTP Request,8910298,0,0,14846.46,67.27,998,20.63,1,305,80,94,104,116,125,161,16963.24,17528.69,97.61,2035,20.87,0,99.99,4087,,,99.96,2048,,,99.22,4096,25.05,18.738,99.21,4096,27.55,22.274,5.94,184.12,5.72,5.48,5.51,0.06,70.05,0,21.27,0,0.01,8.68,4453375.5,6348654.25,1080655,13.87,109434.5,1888344.25,2944490.25,37.79,1641480.75,1379751.25,125,1.5,0,8.77,0,5.93,0,0.76,0.05,1.5,0,1.5,0,0,17.52,0,0.07,3769.27,148405.12,2994,105264.75,0,40319.36,52213.73,34753.1,35428.09,0,0,0,0,N/A,N/A,N/A,N/A,0.87,170.67,0.55,0.55,0.49,0.07,8.31,0,6.72,0,0,84.96,3945298.93,5944819.2,1487692.53,19.09,119039.47,1981462.4,5059732,64.93,2359313.87,1171519.73,176.8,1.39,0,7.75,0,5.62,0,0.98,0.05,1.39,0,1.39,0,0,15.5,0,0.07,15027.61,147079.6,1996.8,105800.8,0,26168.98,13848.07,18283.47,16436.35,0,0,0,0,,,,,0.4,166.93,0.23,0.24,0.21,0,7.64,0.08,0.85,0.12,0.01,91.28,830332.27,2037994.67,1458357.07,38.52,48340.53,1316271.47,2815449.07,74.38,2048963.73,731034.4,18561.87,8.64,183.52,1272.91,0,177.31,0.01,2.7,0.48,8.64,1.87,6.77,0,367.04,2545.81,0,0.56,2614.28,8230.2,1216,23932.93,0,1982.83,1108.09,13061.34,75.14,0,0,0,0,3.73,681.53,1.96,2.22,2.46,0,22.71,0,8.99,0,0,68.3,2259629.87,4437212.27,2992303.2,38.4,120907.73,2150708,5504945.33,70.64,3846285.6,1334275.73,185.87,1.61,0,9.35,0,5.89,0,0.92,0.06,1.61,0,1.61,0,0,18.71,0,0.8,12521,145236.13,1608.53,106016.67,0,14501.77,14962.79,9236.36,16340.72,0,0,0,0,0.87,682.4,1.89,2.1,2.42,0.13,23.26,0,9.21,0,0,67.52,2364126.93,4463208,2964257.33,38.04,45260.27,2149609.6,5503985.07,70.63,3741439.73,1334399.47,204.27,1.37,0,8.17,0,6.06,0,0.77,0.06,1.37,0,1.37,0,0,16.34,0,0.8,12325.45,145217.6,1621.33,105993.87,0,14335.97,14791.41,9131.37,16155,0,0,0,0
Passthrough HTTP/2(over TLS) service (h2 -> h2),2G,100,50,0,HTTP2 Request,9455601,0,0,15769.03,6.13,96,3.14,0,77,8,10,11,13,15,22,1955.73,0,99.61,2046,15.799,0,99.99,4094.5,13.767,0,99.96,2048,,,99.27,4096,10.382,1908.481,99.27,4096,15.3,5213.498,6.5,184.81,7,6.96,6.97,0,68.17,0,21.15,0,0,10.68,4568385.25,6444958.25,988021.75,12.68,102351.5,1880063.25,2943858.5,37.77,1597124.5,1318172.75,196,1.54,0,11.83,0,6.35,0,0.79,0.06,1.54,0,1.54,0,0,23.66,0,1.44,15399,144825.44,1276,103500.12,0,64159.97,69317.52,7500.58,8366.18,0,0,0,0,N/A,N/A,N/A,N/A,0.44,171,0.53,0.46,0.36,0,10.06,0,4.47,0,0.01,85.46,3933514.25,5915360.75,1520302,19.51,112262.5,1972710.5,5069067.75,65.04,2457008,1091879.75,208.75,1.29,0,10.11,0,6.56,0,0.91,0.05,1.29,0,1.29,0,0,20.22,0,0.48,18083.06,143303.62,1080,104805.62,0,25670.31,20510.11,3614.39,2813.33,0,0,0,0,,,,,0.13,163.87,0.22,0.18,0.12,0,7.68,0,0.76,0.09,0,91.46,389786.4,2017128.27,1445233.87,38.18,92823.47,1658291.73,2807763.2,74.17,1898934.4,1254353.33,16842.93,6.7,0.25,1304.21,0,192.72,0,2.57,0.28,6.7,0.03,6.67,0,0.49,2608.42,0,0.28,2162.89,61036.27,1209.6,59598.8,0,1800.73,1034.53,13667.42,70.46,0,0,0,0,5.33,658.87,2.9,2.38,1.82,0,25.53,0,15.4,0,0,59.06,2565191.47,4570444.53,2861728,36.72,101165.87,2004583.73,5478902.67,70.31,3510705.07,1376834.13,193.33,1.8,0.29,10.72,0,6.05,0,0.81,0.06,1.8,0,1.8,0,0.59,21.44,0,1.12,45222.57,141762.33,1326.93,104688.67,0,22683.87,23071.4,2446.67,9234.7,0,0,0,0,6.47,658.13,3.48,2.67,1.8,0.07,26.19,0,15.39,0,0,58.41,2653764,4579298.13,2851126.4,36.59,24866.67,2003868.8,5474799.2,70.25,3497158.67,1302428,224.27,2.04,0.29,12.2,0,6.04,0,0.83,0.07,2.04,0,2.03,0,0.59,24.41,0,1.12,44668.91,141733.8,1312,104669.93,0,22527.13,22907.4,2429.62,9169.53,0,0,0,0
Passthrough HTTP/2(over TLS) service (h2 -> h2),2G,100,1024,0,HTTP2 Request,8821511,0,0,14711.64,6.48,95,3.14,0,233,8,10,12,14,15,38,1853.32,0,99.64,2046,15.771,0,99.99,4094,13.756,0,99.93,2048,,,99.26,4096,13.4,2461.439,99.31,4096,11.6,144.957,5.94,184.31,7.14,6.97,6.94,0,67.75,0,21.65,0,0,10.6,4567689.25,6444837,988013,12.68,102653.5,1880275.75,2939076,37.71,1601641.75,1314325.75,148.5,1.22,0,7.28,0,5.98,0,0.71,0.05,1.22,0,1.22,0,0,14.56,0,0.07,15696.69,144980,1290,103504,0,60880.66,67448.39,32897.17,33782.03,0,0,0,0,N/A,N/A,N/A,N/A,1.2,170.13,0.62,0.61,0.53,0.07,10.81,0,5.24,0,0,83.94,3903220.53,5885614.4,1550136,19.89,112540.53,1972988.8,5059403.2,64.92,2487537.6,1091962.13,108.53,1.35,0,7.54,0,5.65,0,0.91,0.05,1.35,0,1.35,0,0,15.09,0,0.06,19132.18,143462.27,1056,104802,0,27597.1,21128.57,17172.47,16298.43,0,0,0,0,,,,,0.4,164.67,0.3,0.27,0.2,0,12.26,0,1.27,0.09,0,86.38,860882.13,1960710.4,1511959.2,39.94,78661.87,1155116.53,2808295.2,74.19,1879964.53,822085.07,18072.27,6.65,2.05,1230.35,0,185.39,0,2.39,0.31,6.65,0.21,6.44,0,4.1,2460.7,0,0.14,1790.55,35444,1213.87,45498.4,0,3638.12,1841.29,26809.98,122.32,0,0,0,0,8.73,672.67,4.44,3.97,3.11,0,35.25,0,15.76,0,0,48.98,2444443.73,4451087.73,2980600.8,38.25,101459.47,2005679.2,5504477.07,70.63,3625879.2,1376903.2,165.33,1.62,0,9.77,0,6.23,0,0.84,0.05,1.62,0,1.62,0,0,19.55,0,0.62,42594.07,141869.8,1307.73,104691.93,0,22571.07,23278.8,9212.88,22630.61,0,0,0,0,8.27,671.13,4.98,4.38,3.45,0.07,36.25,0,15.89,0,0,47.85,2518957.33,4445799.47,2984958.93,38.3,25204.53,2004838.93,5488774.93,70.43,3627531.2,1302370.4,190.4,1.67,0,10.02,0,6.13,0,0.8,0.06,1.67,0,1.67,0,0,20.05,0,0.79,41456.07,141839.8,1307.73,104672.07,0,22227.01,22915.48,9072.62,22285.8,0,0,0,0
Passthrough HTTP/2(over TLS) service (h2 -> h2),2G,300,50,0,HTTP2 Request,10184394,0,0,16983.76,17.21,292,7.32,0,123,21,26,29,34,37,77,2106.38,0,99.18,2044.5,17.438,0,99.99,4095,14.929,0,99.96,2048,,,99.12,4096,13.6,2751.352,99.13,4096,15.4,5357.748,5.75,184.25,5.87,6.11,6.5,0,68.4,0,20.55,0,0,11.04,4516394.25,6394054,1038994.75,13.33,102935.5,1880449.5,2935277,37.66,1652391.25,1314383.25,203.25,1.66,0,12.27,0,6.15,0,0.76,0.06,1.66,0,1.66,0,0,24.53,0,1.47,6739.52,145133.25,1462,103680.12,0,66622.62,72342.76,7931.49,8874.87,0,0,0,0,N/A,N/A,N/A,N/A,0.4,170.4,0.6,0.57,0.55,0.13,9.57,0,4.34,0,0,86.08,3950376.53,5933777.33,1501859.73,19.27,112809.33,1973624.8,5056245.87,64.88,2439675.2,1092434.93,167.73,1.62,0,12,0,6.1,0,0.91,0.05,1.62,0,1.62,0,0,24,0,0.46,16022.47,143623.47,1094.4,104802.33,0,25189.36,19601.7,3757.87,2889.17,0,0,0,0,,,,,0.47,166.47,0.23,0.24,0.22,0.07,8.28,0,0.87,0.11,0,90.74,769028.27,2028613.87,1441649.6,38.08,78968,1312276,2809764,74.23,1826605.33,962909.87,23032.27,7.4,0.05,1497.62,0,201.64,0,2.48,0.32,7.4,0.01,7.39,0,0.09,2995.24,0,0.27,2993.58,35809.4,1213.87,45849.33,0,2091.87,1261.15,14869.34,85.44,0,0,0,0,4.67,1612.93,5.26,5.04,4.31,0,29.81,0,16.62,0,0,53.56,2377331.2,4385019.47,3038449.33,38.99,101737.33,2006437.33,6471205.87,83.04,3646103.47,1377543.73,178.67,1.75,0,10.37,0,6.11,0,0.96,0.06,1.75,0,1.75,0,0,20.74,0,2.2,39766.42,141974.67,1689.6,104877.6,0,24627.68,24958.88,2650.2,10023.2,0,0,0,0,13.4,1609.73,5.02,5.18,4.54,0,30.3,0,16.62,0,0,53.08,2482938.67,4410839.47,3011066.93,38.64,25493.6,2005584,6458035.2,82.87,3616465.07,1302999.47,206.93,1.69,0,10.11,0,6.13,0,0.81,0.06,1.69,0,1.69,0,0,20.22,0,2.23,39208.58,141943.8,1691.73,104856.6,0,24507.95,24826.87,2636.87,9970.29,0,0,0,0
Passthrough HTTP/2(over TLS) service (h2 -> h2),2G,300,1024,0,HTTP2 Request,9369189,0,0,15622.76,18.36,286,7.6,0,174,23,28,31,36,40,69,1968.1,0,99.26,2044,18.105,0,99.99,4095,15.118,0,99.93,2048,,,99.09,4096,13.55,2679.228,99.12,4096,12.95,1810.193,5.88,184.31,5.63,5.6,5.9,0,67.07,0,21.21,0,0.01,11.71,4528924,6407284,1025637.5,13.16,103248,1880733,2943845,37.78,1639019.5,1314535.75,162.5,1.47,0,8.9,0,6,0,0.8,0.05,1.47,0,1.47,0,0,17.8,0,0.06,6633.2,145283.75,1460,103686.12,0,63212.43,69311.4,34979.43,35908.15,0,0,0,0,N/A,N/A,N/A,N/A,1.07,170.8,0.67,0.64,0.6,0,9.91,0,4.95,0,0.01,85.12,3913397.07,5897570.13,1538068.8,19.74,113108.53,1973983.2,5059348,64.92,2476193.33,1092665.6,211.47,1.3,0,7.57,0,5.79,0,0.95,0.05,1.3,0,1.3,0,0,15.13,0,0.07,17122.16,143785.33,1056,104803.33,0,26524.78,20526.24,18058.45,17186.8,0,0,0,0,,,,,0.4,167.87,0.37,0.34,0.26,0,13.1,0,1.44,0.09,0,85.36,832441.33,1973002.93,1505112.27,39.76,71108,1208876.27,2811355.2,74.27,1865157.07,876425.6,27080,7.06,0.05,1371.34,0,192.15,0,2.47,0.3,7.06,0.01,7.05,0,0.1,2742.68,0,0.16,2850.4,23373.67,1209.6,35584.87,0,3917.6,2021.96,28601.22,134.22,0,0,0,0,20.47,1647.93,9.86,8.27,6.45,0.07,40.39,0,17.09,0.01,0,42.51,2131296,4256349.33,3166390.4,40.63,112453.87,2109036.27,6484159.2,83.21,3927097.6,1332259.47,201.33,3.38,1.76,143.1,0,10.94,0,0.95,0.26,3.38,0.06,3.32,0,3.52,286.19,0,1.98,35957.91,142846.4,1721.6,105596.87,0,23912.86,24660.46,9798.34,23966.47,0,0,0,0,20.47,1646.93,10.66,9,6.91,0,41.13,0,16.9,0,0,41.96,2334550.93,4264162.93,3157622.13,40.52,25792,2006899.2,6494301.33,83.34,3757890.93,1304195.2,181.6,1.7,0,10.36,0,6.21,0,0.79,0.07,1.7,0,1.7,0,0,20.72,0,1.91,35581.91,142053.67,1710.93,104868.07,0,23761.18,24532.97,9704.12,23855.48,0,0,0,0
Passthrough HTTP/2(over TLS) service (h2 -> h2),2G,1000,50,0,HTTP2 Request,9794041,0,0,16326.69,60.19,982,19.67,0,1016,70,83,92,103,116,189,2024.89,0,97.56,2039,22.443,0,99.99,4094.5,15.201,0,99.96,2048,,,98.8,4096,14.45,3982.425,98.82,4096,15.2,5068.541,5.88,184.62,5.31,5.34,5.55,0,69.46,0,20.59,0,0,9.94,4436769.25,6316579.75,1114830,14.31,103527.5,1881525.75,2948049.75,37.83,1728402.5,1315214.75,223,1.56,0,12.25,0,6.48,0,0.74,0.06,1.56,0,1.56,0,0,24.49,0,1.49,4611.38,145436,2138,104367.5,0,64432.35,71803.95,7715.11,8731.92,0,0,0,0,N/A,N/A,N/A,N/A,0.75,170.81,0.56,0.56,0.58,0.06,8.67,0,5.41,0,0.01,85.91,3955319.75,5940230.75,1495389.25,19.19,113388,1974391,5060859,64.95,2434086.5,1092950.75,187.25,1.56,0,11.36,0,6.04,0,0.91,0.06,1.56,0,1.56,0,0,22.72,0,0.55,13802.36,143949.31,1142,104880.44,0,24163.86,18055.19,3597.68,2727.48,0,0,0,0,,,,,0.5,175,0.16,0.2,0.23,0.06,8.59,0,0.88,0.11,0,90.42,872079.25,2040873.25,1438850.75,38.01,68794,1240909,2820764.5,74.52,1807134.25,897386.5,25570,7.32,0.19,1485.36,0,202.41,0,2.76,0.31,7.32,0.03,7.29,0,0.38,2970.71,0,0.35,2862.6,20431.06,1212,33162.44,0,2207.85,1213.63,14264.72,82.23,0,0,0,0,5.69,4610.56,9.1,9.26,8.38,0.19,32.16,0,17.32,0,0,50.51,1863724.25,4019197.5,3375337.25,43.31,115393.5,2135494.25,9249986,118.7,4043841.75,1321671.25,262.25,1.64,0,9.75,0,6.03,0,0.82,0.05,1.64,0,1.64,0,0,19.49,0,5.73,34425.31,143147.5,2886,106363,0,24469.62,24313.76,2608.86,9631.7,0,0,0,0,15.62,4611.38,12.22,11.51,9.69,0,33.46,0,17.34,0,0,49.19,2100367.75,4031643.5,3361346,43.14,26091.75,2007992,9267871.5,118.93,3829711,1305173.5,242.25,2.2,0,13.12,0,6.07,0,0.81,0.07,2.2,0,2.2,0,0,26.25,0,5.73,33792.48,142151.62,2876,105444.31,0,24359.67,24253,2600.04,9613.35,0,0,0,0
Passthrough HTTP/2(over TLS) service (h2 -> h2),2G,1000,1024,0,HTTP2 Request,9218153,0,0,15375.79,63.11,970,21.56,0,747,74,88,98,112,127,192,1936.99,0,97.78,2038,22.605,0,99.99,4094.5,15.17,0,99.93,2048,,,98.63,4096,10.9,1158.948,98.65,4096,11.9,289.207,4.75,184.06,5.37,5.24,5.31,0,68.67,0,21.63,0,0.01,9.69,4421912.75,6302384.5,1128742.25,14.48,103834,1881802,2941636,37.75,1741181,1315367.75,151,1.5,0,11.56,0,6.32,0,0.74,0.05,1.5,0,1.5,0,0,23.12,0,0.08,4069.39,145586.62,2138,104360.56,0,64219.8,67877.98,34618.01,35466.43,0,0,0,0,N/A,N/A,N/A,N/A,0.53,170.67,0.51,0.5,0.51,0.07,9.26,0,6.26,0,0.01,84.47,3894431.73,5879972.27,1555730.93,19.96,113672,1974663.73,5061512,64.95,2495049.6,1093093.07,164.27,1.35,0,7.66,0,5.71,0,0.9,0.05,1.35,0,1.35,0,0,15.33,0,0.06,14931.83,144111.8,1109.33,104849.6,0,25394.82,21580.35,17575.93,16947.78,0,0,0,0,,,,,0.6,175.33,0.4,0.36,0.28,0.13,12.81,0,1.48,0.1,0.01,85.61,845702.4,1972623.2,1511197.07,39.92,64835.73,1206910.13,2824270.93,74.61,1886468.8,852104.53,19489.07,7.09,0.05,1431.8,0,201.24,0,2.56,0.3,7.09,0.01,7.08,0,0.09,2863.59,0,0.17,3430.39,16380.67,1207.47,30557.4,0,3922.21,1997.07,27922.6,132.54,0,0,0,0,19,5032.87,17.86,13.87,10.95,0.07,43.11,0,17.7,0,0.01,39.18,1403305.07,3560298.67,3830449.6,49.15,115711.73,2136266.13,9964820.53,127.87,4478206.93,1322312.27,186.67,1.61,0,9.7,0,6.09,0,0.96,0.07,1.61,0,1.61,0,0,19.4,0,5.79,32895.48,143263.8,3052.8,106463.93,0,23361.19,24347.64,9597.27,23386.95,0,0,0,0,21.67,5033.4,21.68,18.96,14.71,0,44.48,0,17.89,0,0,37.62,1691320.8,3623746.67,3765617.87,48.32,26403.73,2008754.67,9978729.87,128.05,4213677.07,1305812,211.2,1.82,0,10.81,0,6.17,0,0.81,0.06,1.82,0,1.82,0,0,21.66,0,5.79,32468.29,142268.67,3078.4,105546.73,0,23298.17,24274.9,9571.66,23324.79,0,0,0,0
